{
    "substitutions": {
        "rule-8": [
            {
                "replacement-node": 21,
                "template-line-number": 69,
                "part": null,
                "node-pos": 39
            }
        ],
        "rule-21": {
            "name": "CapitalStockLineItems",
            "subs": [
                {
                    "name": "CapitalStockLineItems",
                    "replacement-node": 47,
                    "part": "2",
                    "expression-node": 48,
                    "node-pos": 83,
                    "template-line-number": 199
                },
                {
                    "name": "CapitalStockLineItems",
                    "replacement-node": 50,
                    "part": "3",
                    "expression-node": 51,
                    "node-pos": 87,
                    "template-line-number": 207
                },
                {
                    "name": "CapitalStockLineItems",
                    "replacement-node": 53,
                    "part": "4",
                    "expression-node": 54,
                    "node-pos": 91,
                    "template-line-number": 215
                },
                {
                    "name": "CapitalStockLineItems",
                    "replacement-node": 56,
                    "part": "5",
                    "expression-node": 57,
                    "node-pos": 95,
                    "template-line-number": 223
                },
                {
                    "name": "CapitalStockLineItems",
                    "replacement-node": 59,
                    "part": "6",
                    "expression-node": 60,
                    "node-pos": 99,
                    "template-line-number": 231
                },
                {
                    "name": "CapitalStockLineItems",
                    "replacement-node": 62,
                    "part": "7",
                    "expression-node": 63,
                    "node-pos": 103,
                    "template-line-number": 239
                }
            ]
        },
        "rule-9": [
            {
                "replacement-node": 24,
                "template-line-number": 73,
                "expression-node": 25,
                "part": null,
                "node-pos": 43
            }
        ],
        "rule-20": {
            "name": "LongTermDebtHeadings",
            "subs": [
                {
                    "extras": {},
                    "name": "LongTermDebtHeadings",
                    "replacement-node": 66,
                    "part": "1",
                    "node-pos": 117,
                    "template-line-number": 271
                },
                {
                    "extras": {},
                    "name": "LongTermDebtHeadings",
                    "replacement-node": 69,
                    "part": "2",
                    "node-pos": 121,
                    "template-line-number": 278
                }
            ]
        },
        "rule-6": [
            {
                "replacement-node": 15,
                "template-line-number": 60,
                "part": null,
                "node-pos": 31
            }
        ],
        "rule-1": [
            {
                "replacement-node": 0,
                "template-line-number": 21,
                "part": null,
                "node-pos": 9
            }
        ],
        "rule-11": [
            {
                "replacement-node": 30,
                "template-line-number": 88,
                "part": null,
                "node-pos": 53
            }
        ],
        "rule-10": [
            {
                "replacement-node": 27,
                "template-line-number": 78,
                "expression-node": 28,
                "part": null,
                "node-pos": 47
            }
        ],
        "rule-15": [
            {
                "replacement-node": 100,
                "template-line-number": 420,
                "expression-node": 101,
                "part": null,
                "node-pos": 169
            }
        ],
        "rule-2": [
            {
                "replacement-node": 3,
                "template-line-number": 25,
                "expression-node": 4,
                "part": null,
                "node-pos": 13
            }
        ],
        "rule-16": [
            {
                "replacement-node": 103,
                "template-line-number": 433,
                "expression-node": 104,
                "part": null,
                "node-pos": 175
            }
        ],
        "rule-4": [
            {
                "html": true,
                "replacement-node": 9,
                "template-line-number": 37,
                "part": null,
                "node-pos": 21
            }
        ],
        "rule-17": [
            {
                "replacement-node": 106,
                "template-line-number": 438,
                "part": null,
                "node-pos": 179
            }
        ],
        "rule-5": [
            {
                "html": true,
                "replacement-node": 12,
                "template-line-number": 49,
                "part": null,
                "node-pos": 26
            }
        ],
        "rule-19": {
            "name": "LongTermDebtLineItems",
            "subs": [
                {
                    "name": "LongTermDebtLineItems",
                    "replacement-node": 76,
                    "part": "2",
                    "expression-node": 77,
                    "node-pos": 131,
                    "template-line-number": 344
                },
                {
                    "name": "LongTermDebtLineItems",
                    "replacement-node": 79,
                    "part": "3",
                    "expression-node": 80,
                    "node-pos": 135,
                    "template-line-number": 352
                },
                {
                    "name": "LongTermDebtLineItems",
                    "replacement-node": 82,
                    "part": "4",
                    "expression-node": 83,
                    "node-pos": 139,
                    "template-line-number": 360
                },
                {
                    "name": "LongTermDebtLineItems",
                    "replacement-node": 85,
                    "part": "5",
                    "expression-node": 86,
                    "node-pos": 143,
                    "template-line-number": 368
                },
                {
                    "name": "LongTermDebtLineItems",
                    "replacement-node": 88,
                    "part": "6",
                    "expression-node": 89,
                    "node-pos": 147,
                    "template-line-number": 376
                },
                {
                    "name": "LongTermDebtLineItems",
                    "replacement-node": 91,
                    "part": "7",
                    "expression-node": 92,
                    "node-pos": 151,
                    "template-line-number": 384
                }
            ]
        },
        "rule-14": [
            {
                "replacement-node": 97,
                "template-line-number": 410,
                "expression-node": 98,
                "part": null,
                "node-pos": 164
            }
        ],
        "rule-18": [
            {
                "replacement-node": 109,
                "template-line-number": 447,
                "part": null,
                "node-pos": 183
            }
        ],
        "rule-22": {
            "name": "CPHeadings",
            "subs": [
                {
                    "extras": {},
                    "name": "CPHeadings",
                    "replacement-node": 37,
                    "part": "1",
                    "node-pos": 69,
                    "template-line-number": 126
                },
                {
                    "extras": {},
                    "name": "CPHeadings",
                    "replacement-node": 40,
                    "part": "2",
                    "node-pos": 73,
                    "template-line-number": 133
                }
            ]
        },
        "rule-12": [
            {
                "html": true,
                "replacement-node": 33,
                "template-line-number": 99,
                "part": null,
                "node-pos": 58
            }
        ],
        "rule-7": [
            {
                "replacement-node": 18,
                "template-line-number": 64,
                "expression-node": 19,
                "part": null,
                "node-pos": 35
            }
        ],
        "rule-13": [
            {
                "replacement-node": 94,
                "template-line-number": 396,
                "part": null,
                "node-pos": 157
            }
        ],
        "rule-3": [
            {
                "replacement-node": 6,
                "template-line-number": 31,
                "part": null,
                "node-pos": 17
            }
        ]
    },
    "showifs": {},
    "line-numbers": {
        "CapitalStockLineItems": [
            {
                "start-number": 1,
                "template-line-number": 194,
                "line-number-node": 44
            }
        ],
        "LongTermDebtLineItems": [
            {
                "start-number": 16,
                "template-line-number": 339,
                "line-number-node": 73
            }
        ]
    }
}