{
    "line-numbers": {},
    "substitutions": {
        "rule-12": [
            {
                "template-line-number": 102,
                "html": true,
                "replacement-node": 33,
                "part": null,
                "node-pos": 58
            }
        ],
        "rule-10": [
            {
                "template-line-number": 81,
                "expression-node": 28,
                "replacement-node": 27,
                "part": null,
                "node-pos": 47
            }
        ],
        "rule-4": [
            {
                "template-line-number": 38,
                "html": true,
                "replacement-node": 9,
                "part": null,
                "node-pos": 21
            }
        ],
        "rule-2": [
            {
                "template-line-number": 26,
                "expression-node": 4,
                "replacement-node": 3,
                "part": null,
                "node-pos": 13
            }
        ],
        "rule-11": [
            {
                "template-line-number": 91,
                "replacement-node": 30,
                "part": null,
                "node-pos": 53
            }
        ],
        "rule-3": [
            {
                "template-line-number": 32,
                "replacement-node": 6,
                "part": null,
                "node-pos": 17
            }
        ],
        "rule-13": [
            {
                "template-line-number": 649,
                "expression-node": 94,
                "replacement-node": 93,
                "part": null,
                "node-pos": 171
            }
        ],
        "rule-9": [
            {
                "template-line-number": 76,
                "expression-node": 25,
                "replacement-node": 24,
                "part": null,
                "node-pos": 43
            }
        ],
        "rule-1": [
            {
                "template-line-number": 21,
                "replacement-node": 0,
                "part": null,
                "node-pos": 9
            }
        ],
        "rule-8": [
            {
                "template-line-number": 71,
                "replacement-node": 21,
                "part": null,
                "node-pos": 39
            }
        ],
        "rule-14": [
            {
                "template-line-number": 654,
                "replacement-node": 96,
                "part": null,
                "node-pos": 175
            }
        ],
        "rule-17": {
            "name": "ShipperSuppliedHeadings",
            "subs": [
                {
                    "extras": {},
                    "part": "1",
                    "template-line-number": 160,
                    "name": "ShipperSuppliedHeadings",
                    "node-pos": 96,
                    "replacement-node": 39
                },
                {
                    "extras": {},
                    "part": "2",
                    "template-line-number": 169,
                    "name": "ShipperSuppliedHeadings",
                    "node-pos": 100,
                    "replacement-node": 42
                },
                {
                    "extras": {},
                    "part": "3",
                    "template-line-number": 156,
                    "name": "ShipperSuppliedHeadings",
                    "node-pos": 94,
                    "replacement-node": 37
                }
            ]
        },
        "rule-5": [
            {
                "template-line-number": 50,
                "html": true,
                "replacement-node": 12,
                "part": null,
                "node-pos": 26
            }
        ],
        "rule-15": [
            {
                "template-line-number": 663,
                "replacement-node": 99,
                "part": null,
                "node-pos": 179
            }
        ],
        "rule-6": [
            {
                "template-line-number": 61,
                "replacement-node": 15,
                "part": null,
                "node-pos": 31
            }
        ],
        "rule-16": {
            "name": "ShipperLineItems",
            "subs": [
                {
                    "extras": {},
                    "part": "1",
                    "template-line-number": 535,
                    "name": "ShipperLineItems",
                    "node-pos": 106,
                    "replacement-node": 46
                },
                {
                    "expression-node": 49,
                    "part": "1",
                    "template-line-number": 541,
                    "name": "ShipperLineItems",
                    "node-pos": 109,
                    "replacement-node": 48
                },
                {
                    "expression-node": 76,
                    "part": "10",
                    "template-line-number": 598,
                    "name": "ShipperLineItems",
                    "node-pos": 145,
                    "replacement-node": 75
                },
                {
                    "expression-node": 79,
                    "part": "11",
                    "template-line-number": 604,
                    "name": "ShipperLineItems",
                    "node-pos": 149,
                    "replacement-node": 78
                },
                {
                    "expression-node": 82,
                    "part": "12",
                    "template-line-number": 610,
                    "name": "ShipperLineItems",
                    "node-pos": 153,
                    "replacement-node": 81
                },
                {
                    "expression-node": 85,
                    "part": "13",
                    "template-line-number": 617,
                    "name": "ShipperLineItems",
                    "node-pos": 157,
                    "replacement-node": 84
                },
                {
                    "expression-node": 88,
                    "part": "14",
                    "template-line-number": 623,
                    "name": "ShipperLineItems",
                    "node-pos": 161,
                    "replacement-node": 87
                },
                {
                    "expression-node": 91,
                    "part": "15",
                    "template-line-number": 629,
                    "name": "ShipperLineItems",
                    "node-pos": 165,
                    "replacement-node": 90
                },
                {
                    "expression-node": 52,
                    "part": "2",
                    "template-line-number": 548,
                    "name": "ShipperLineItems",
                    "node-pos": 113,
                    "replacement-node": 51
                },
                {
                    "expression-node": 55,
                    "part": "3",
                    "template-line-number": 554,
                    "name": "ShipperLineItems",
                    "node-pos": 117,
                    "replacement-node": 54
                },
                {
                    "expression-node": 58,
                    "part": "4",
                    "template-line-number": 560,
                    "name": "ShipperLineItems",
                    "node-pos": 121,
                    "replacement-node": 57
                },
                {
                    "expression-node": 61,
                    "part": "5",
                    "template-line-number": 566,
                    "name": "ShipperLineItems",
                    "node-pos": 125,
                    "replacement-node": 60
                },
                {
                    "expression-node": 64,
                    "part": "6",
                    "template-line-number": 574,
                    "name": "ShipperLineItems",
                    "node-pos": 129,
                    "replacement-node": 63
                },
                {
                    "expression-node": 67,
                    "part": "7",
                    "template-line-number": 580,
                    "name": "ShipperLineItems",
                    "node-pos": 133,
                    "replacement-node": 66
                },
                {
                    "expression-node": 70,
                    "part": "8",
                    "template-line-number": 586,
                    "name": "ShipperLineItems",
                    "node-pos": 137,
                    "replacement-node": 69
                },
                {
                    "expression-node": 73,
                    "part": "9",
                    "template-line-number": 592,
                    "name": "ShipperLineItems",
                    "node-pos": 141,
                    "replacement-node": 72
                }
            ]
        },
        "rule-7": [
            {
                "template-line-number": 66,
                "expression-node": 19,
                "replacement-node": 18,
                "part": null,
                "node-pos": 35
            }
        ]
    },
    "showifs": {}
}