{
    "line-numbers": {
        "SalesForResale": [
            {
                "start-number": 1,
                "line-number-node": 45,
                "template-line-number": 306
            }
        ]
    },
    "showifs": {
        "rule-1": {
            "template-line-number": 16,
            "type": "showif"
        }
    },
    "substitutions": {
        "rule-17": {
            "name": "SalesForResale",
            "subs": [
                {
                    "name": "SalesForResale",
                    "part": "2",
                    "node-pos": 89,
                    "template-line-number": 311,
                    "replacement-node": 47,
                    "expression-node": 48
                },
                {
                    "name": "SalesForResale",
                    "part": "3",
                    "node-pos": 93,
                    "template-line-number": 320,
                    "replacement-node": 50,
                    "expression-node": 51
                },
                {
                    "name": "SalesForResale",
                    "part": "4",
                    "node-pos": 97,
                    "template-line-number": 329,
                    "replacement-node": 53,
                    "expression-node": 54
                },
                {
                    "name": "SalesForResale",
                    "part": "5",
                    "node-pos": 101,
                    "template-line-number": 338,
                    "replacement-node": 56,
                    "expression-node": 57
                },
                {
                    "name": "SalesForResale",
                    "part": "6",
                    "node-pos": 105,
                    "template-line-number": 347,
                    "replacement-node": 59,
                    "expression-node": 60
                }
            ]
        },
        "rule-6": [
            {
                "replacement-node": 13,
                "part": null,
                "node-pos": 28,
                "template-line-number": 65,
                "html": true
            }
        ],
        "rule-3": [
            {
                "replacement-node": 4,
                "part": null,
                "node-pos": 15,
                "template-line-number": 33,
                "expression-node": 5
            }
        ],
        "rule-2": [
            {
                "replacement-node": 1,
                "part": null,
                "node-pos": 11,
                "template-line-number": 26
            }
        ],
        "rule-9": [
            {
                "replacement-node": 22,
                "part": null,
                "node-pos": 41,
                "template-line-number": 97
            }
        ],
        "rule-5": [
            {
                "replacement-node": 10,
                "part": null,
                "node-pos": 23,
                "template-line-number": 48,
                "html": true
            }
        ],
        "rule-4": [
            {
                "replacement-node": 7,
                "part": null,
                "node-pos": 19,
                "template-line-number": 40
            }
        ],
        "rule-16": [
            {
                "replacement-node": 68,
                "part": null,
                "node-pos": 119,
                "template-line-number": 376
            }
        ],
        "rule-7": [
            {
                "replacement-node": 16,
                "part": null,
                "node-pos": 33,
                "template-line-number": 83
            }
        ],
        "rule-11": [
            {
                "replacement-node": 28,
                "part": null,
                "node-pos": 49,
                "template-line-number": 110,
                "expression-node": 29
            }
        ],
        "rule-10": [
            {
                "replacement-node": 25,
                "part": null,
                "node-pos": 45,
                "template-line-number": 104,
                "expression-node": 26
            }
        ],
        "rule-15": [
            {
                "replacement-node": 65,
                "part": null,
                "node-pos": 115,
                "template-line-number": 366
            }
        ],
        "rule-18": {
            "name": "ISHeadings",
            "subs": [
                {
                    "name": "ISHeadings",
                    "part": "1",
                    "node-pos": 76,
                    "template-line-number": 166,
                    "replacement-node": 38,
                    "extras": {}
                },
                {
                    "name": "ISHeadings",
                    "part": "2",
                    "node-pos": 80,
                    "template-line-number": 173,
                    "replacement-node": 41,
                    "extras": {}
                }
            ]
        },
        "rule-8": [
            {
                "replacement-node": 19,
                "part": null,
                "node-pos": 37,
                "template-line-number": 90,
                "expression-node": 20
            }
        ],
        "rule-14": [
            {
                "replacement-node": 62,
                "part": null,
                "node-pos": 111,
                "template-line-number": 361,
                "expression-node": 63
            }
        ],
        "rule-12": [
            {
                "replacement-node": 31,
                "part": null,
                "node-pos": 55,
                "template-line-number": 122
            }
        ],
        "rule-13": [
            {
                "replacement-node": 34,
                "part": null,
                "node-pos": 60,
                "template-line-number": 133,
                "html": true
            }
        ]
    }
}