{
    "showifs": {},
    "substitutions": {
        "rule-16": [
            {
                "part": null,
                "template-line-number": 214,
                "node-pos": 99,
                "replacement-node": 52,
                "expression-node": 53
            }
        ],
        "rule-9": [
            {
                "part": null,
                "template-line-number": 96,
                "node-pos": 44,
                "replacement-node": 24,
                "expression-node": 25
            }
        ],
        "rule-33": [
            {
                "part": null,
                "node-pos": 213,
                "replacement-node": 121,
                "template-line-number": 531
            }
        ],
        "rule-20": [
            {
                "part": null,
                "template-line-number": 260,
                "node-pos": 118,
                "replacement-node": 64,
                "expression-node": 65
            }
        ],
        "rule-32": [
            {
                "part": null,
                "template-line-number": 516,
                "node-pos": 207,
                "replacement-node": 118,
                "expression-node": 119
            }
        ],
        "rule-28": [
            {
                "part": null,
                "template-line-number": 352,
                "node-pos": 156,
                "replacement-node": 88,
                "expression-node": 89
            }
        ],
        "rule-17": [
            {
                "part": null,
                "template-line-number": 230,
                "node-pos": 106,
                "replacement-node": 55,
                "expression-node": 56
            }
        ],
        "rule-29": [
            {
                "part": null,
                "template-line-number": 483,
                "node-pos": 195,
                "replacement-node": 109,
                "expression-node": 110
            }
        ],
        "rule-34": [
            {
                "part": null,
                "node-pos": 217,
                "replacement-node": 124,
                "template-line-number": 541
            }
        ],
        "rule-25": [
            {
                "part": null,
                "template-line-number": 322,
                "node-pos": 144,
                "replacement-node": 79,
                "expression-node": 80
            }
        ],
        "rule-30": [
            {
                "part": null,
                "template-line-number": 494,
                "node-pos": 199,
                "replacement-node": 112,
                "expression-node": 113
            }
        ],
        "rule-10": [
            {
                "part": null,
                "template-line-number": 102,
                "node-pos": 48,
                "replacement-node": 27,
                "expression-node": 28
            }
        ],
        "rule-6": [
            {
                "part": null,
                "node-pos": 32,
                "replacement-node": 15,
                "template-line-number": 75
            }
        ],
        "rule-18": [
            {
                "part": null,
                "template-line-number": 240,
                "node-pos": 110,
                "replacement-node": 58,
                "expression-node": 59
            }
        ],
        "rule-2": [
            {
                "part": null,
                "template-line-number": 26,
                "node-pos": 14,
                "replacement-node": 3,
                "expression-node": 4
            }
        ],
        "rule-3": [
            {
                "part": null,
                "node-pos": 18,
                "replacement-node": 6,
                "template-line-number": 33
            }
        ],
        "rule-31": [
            {
                "part": null,
                "template-line-number": 505,
                "node-pos": 203,
                "replacement-node": 115,
                "expression-node": 116
            }
        ],
        "rule-7": [
            {
                "part": null,
                "template-line-number": 82,
                "node-pos": 36,
                "replacement-node": 18,
                "expression-node": 19
            }
        ],
        "rule-8": [
            {
                "part": null,
                "node-pos": 40,
                "replacement-node": 21,
                "template-line-number": 89
            }
        ],
        "rule-1": [
            {
                "part": null,
                "node-pos": 10,
                "replacement-node": 0,
                "template-line-number": 19
            }
        ],
        "rule-11": [
            {
                "part": null,
                "node-pos": 54,
                "replacement-node": 30,
                "template-line-number": 113
            }
        ],
        "rule-13": [
            {
                "part": null,
                "template-line-number": 184,
                "node-pos": 87,
                "replacement-node": 43,
                "expression-node": 44
            }
        ],
        "rule-14": [
            {
                "part": null,
                "template-line-number": 194,
                "node-pos": 91,
                "replacement-node": 46,
                "expression-node": 47
            }
        ],
        "rule-12": [
            {
                "part": null,
                "node-pos": 59,
                "replacement-node": 33,
                "template-line-number": 124,
                "html": true
            }
        ],
        "rule-26": [
            {
                "part": null,
                "template-line-number": 332,
                "node-pos": 148,
                "replacement-node": 82,
                "expression-node": 83
            }
        ],
        "rule-21": [
            {
                "part": null,
                "template-line-number": 276,
                "node-pos": 125,
                "replacement-node": 67,
                "expression-node": 68
            }
        ],
        "rule-15": [
            {
                "part": null,
                "template-line-number": 204,
                "node-pos": 95,
                "replacement-node": 49,
                "expression-node": 50
            }
        ],
        "rule-5": [
            {
                "part": null,
                "node-pos": 27,
                "replacement-node": 12,
                "template-line-number": 57,
                "html": true
            }
        ],
        "rule-23": [
            {
                "part": null,
                "template-line-number": 296,
                "node-pos": 133,
                "replacement-node": 73,
                "expression-node": 74
            }
        ],
        "rule-24": [
            {
                "part": null,
                "template-line-number": 306,
                "node-pos": 137,
                "replacement-node": 76,
                "expression-node": 77
            }
        ],
        "rule-22": [
            {
                "part": null,
                "template-line-number": 286,
                "node-pos": 129,
                "replacement-node": 70,
                "expression-node": 71
            }
        ],
        "rule-36": {
            "subs": [
                {
                    "part": "2",
                    "name": "IsoOrRtoSettlements",
                    "expression-node": 95,
                    "node-pos": 172,
                    "replacement-node": 94,
                    "template-line-number": 432
                },
                {
                    "part": "3",
                    "name": "IsoOrRtoSettlements",
                    "expression-node": 98,
                    "node-pos": 176,
                    "replacement-node": 97,
                    "template-line-number": 441
                },
                {
                    "part": "4",
                    "name": "IsoOrRtoSettlements",
                    "expression-node": 101,
                    "node-pos": 180,
                    "replacement-node": 100,
                    "template-line-number": 450
                },
                {
                    "part": "5",
                    "name": "IsoOrRtoSettlements",
                    "expression-node": 104,
                    "node-pos": 184,
                    "replacement-node": 103,
                    "template-line-number": 458
                },
                {
                    "part": "6",
                    "name": "IsoOrRtoSettlements",
                    "expression-node": 107,
                    "node-pos": 188,
                    "replacement-node": 106,
                    "template-line-number": 466
                }
            ],
            "name": "IsoOrRtoSettlements"
        },
        "rule-27": [
            {
                "part": null,
                "template-line-number": 342,
                "node-pos": 152,
                "replacement-node": 85,
                "expression-node": 86
            }
        ],
        "rule-35": {
            "subs": [
                {
                    "part": "1",
                    "extras": {},
                    "name": "BSHeadings",
                    "node-pos": 69,
                    "replacement-node": 37,
                    "template-line-number": 150
                },
                {
                    "part": "2",
                    "extras": {},
                    "name": "BSHeadings",
                    "node-pos": 73,
                    "replacement-node": 40,
                    "template-line-number": 157
                }
            ],
            "name": "BSHeadings"
        },
        "rule-4": [
            {
                "part": null,
                "node-pos": 22,
                "replacement-node": 9,
                "template-line-number": 41,
                "html": true
            }
        ],
        "rule-19": [
            {
                "part": null,
                "template-line-number": 250,
                "node-pos": 114,
                "replacement-node": 61,
                "expression-node": 62
            }
        ]
    },
    "line-numbers": {
        "IsoOrRtoSettlements": [
            {
                "template-line-number": 425,
                "line-number-node": 92,
                "start-number": 7
            }
        ]
    }
}