{
    "showifs": {},
    "substitutions": {
        "rule-7": [
            {
                "template-line-number": 136,
                "part": null,
                "expression-node": 19,
                "replacement-node": 18,
                "node-pos": 70
            }
        ],
        "rule-2": [
            {
                "template-line-number": 44,
                "part": null,
                "html": true,
                "replacement-node": 3,
                "node-pos": 20
            }
        ],
        "rule-8": [
            {
                "template-line-number": 143,
                "part": null,
                "replacement-node": 21,
                "node-pos": 74
            }
        ],
        "rule-3": [
            {
                "template-line-number": 103,
                "part": null,
                "expression-node": 7,
                "replacement-node": 6,
                "node-pos": 52
            }
        ],
        "rule-1": [
            {
                "template-line-number": 32,
                "part": null,
                "html": true,
                "replacement-node": 0,
                "node-pos": 15
            }
        ],
        "rule-4": [
            {
                "template-line-number": 111,
                "part": null,
                "replacement-node": 9,
                "node-pos": 56
            }
        ],
        "rule-5": [
            {
                "template-line-number": 118,
                "part": null,
                "expression-node": 13,
                "replacement-node": 12,
                "node-pos": 60
            }
        ],
        "rule-6": [
            {
                "template-line-number": 124,
                "part": null,
                "expression-node": 16,
                "replacement-node": 15,
                "node-pos": 64
            }
        ]
    },
    "line-numbers": {}
}