{
    "substitutions": {
        "rule-3": [
            {
                "replacement-node": 6,
                "template-line-number": 32,
                "part": null,
                "node-pos": 17
            }
        ],
        "rule-17": {
            "name": "ColumnHeadings",
            "subs": [
                {
                    "name": "ColumnHeadings",
                    "template-line-number": 129,
                    "part": "1",
                    "replacement-node": 37,
                    "extras": {},
                    "node-pos": 70
                },
                {
                    "name": "ColumnHeadings",
                    "template-line-number": 136,
                    "part": "2",
                    "replacement-node": 40,
                    "extras": {},
                    "node-pos": 74
                }
            ]
        },
        "rule-7": [
            {
                "replacement-node": 18,
                "template-line-number": 66,
                "part": null,
                "expression-node": 19,
                "node-pos": 35
            }
        ],
        "rule-6": [
            {
                "replacement-node": 15,
                "template-line-number": 61,
                "part": null,
                "node-pos": 31
            }
        ],
        "rule-5": [
            {
                "html": true,
                "replacement-node": 12,
                "template-line-number": 50,
                "part": null,
                "node-pos": 26
            }
        ],
        "rule-16": {
            "name": "OtherInvestments",
            "subs": [
                {
                    "name": "OtherInvestments",
                    "template-line-number": 200,
                    "part": "2",
                    "expression-node": 48,
                    "replacement-node": 47,
                    "node-pos": 84
                },
                {
                    "name": "OtherInvestments",
                    "template-line-number": 208,
                    "part": "3",
                    "expression-node": 51,
                    "replacement-node": 50,
                    "node-pos": 88
                },
                {
                    "name": "OtherInvestments",
                    "template-line-number": 216,
                    "part": "4",
                    "expression-node": 54,
                    "replacement-node": 53,
                    "node-pos": 92
                },
                {
                    "name": "OtherInvestments",
                    "template-line-number": 224,
                    "part": "5",
                    "expression-node": 57,
                    "replacement-node": 56,
                    "node-pos": 96
                }
            ]
        },
        "rule-9": [
            {
                "replacement-node": 24,
                "template-line-number": 76,
                "part": null,
                "expression-node": 25,
                "node-pos": 43
            }
        ],
        "rule-15": [
            {
                "replacement-node": 65,
                "template-line-number": 252,
                "part": null,
                "node-pos": 110
            }
        ],
        "rule-12": [
            {
                "html": true,
                "replacement-node": 33,
                "template-line-number": 102,
                "part": null,
                "node-pos": 58
            }
        ],
        "rule-13": [
            {
                "replacement-node": 59,
                "template-line-number": 237,
                "part": null,
                "expression-node": 60,
                "node-pos": 102
            }
        ],
        "rule-14": [
            {
                "replacement-node": 62,
                "template-line-number": 243,
                "part": null,
                "node-pos": 106
            }
        ],
        "rule-11": [
            {
                "replacement-node": 30,
                "template-line-number": 91,
                "part": null,
                "node-pos": 53
            }
        ],
        "rule-10": [
            {
                "replacement-node": 27,
                "template-line-number": 81,
                "part": null,
                "expression-node": 28,
                "node-pos": 47
            }
        ],
        "rule-8": [
            {
                "replacement-node": 21,
                "template-line-number": 71,
                "part": null,
                "node-pos": 39
            }
        ],
        "rule-1": [
            {
                "replacement-node": 0,
                "template-line-number": 21,
                "part": null,
                "node-pos": 9
            }
        ],
        "rule-2": [
            {
                "replacement-node": 3,
                "template-line-number": 26,
                "part": null,
                "expression-node": 4,
                "node-pos": 13
            }
        ],
        "rule-4": [
            {
                "html": true,
                "replacement-node": 9,
                "template-line-number": 38,
                "part": null,
                "node-pos": 21
            }
        ]
    },
    "line-numbers": {
        "OtherInvestments": [
            {
                "line-number-node": 44,
                "template-line-number": 193,
                "start-number": 1
            }
        ]
    },
    "showifs": {}
}