{
    "substitutions": {
        "rule-20": [
            {
                "part": null,
                "node-pos": 143,
                "replacement-node": 87,
                "template-line-number": 366
            }
        ],
        "rule-9": [
            {
                "part": null,
                "node-pos": 44,
                "replacement-node": 24,
                "expression-node": 25,
                "template-line-number": 100
            }
        ],
        "rule-13": [
            {
                "part": null,
                "node-pos": 113,
                "replacement-node": 66,
                "expression-node": 67,
                "template-line-number": 297
            }
        ],
        "rule-5": [
            {
                "html": true,
                "part": null,
                "node-pos": 27,
                "replacement-node": 12,
                "template-line-number": 61
            }
        ],
        "rule-4": [
            {
                "html": true,
                "part": null,
                "node-pos": 22,
                "replacement-node": 9,
                "template-line-number": 44
            }
        ],
        "rule-8": [
            {
                "part": null,
                "node-pos": 40,
                "replacement-node": 21,
                "template-line-number": 93
            }
        ],
        "rule-18": [
            {
                "part": null,
                "node-pos": 135,
                "replacement-node": 81,
                "expression-node": 82,
                "template-line-number": 351
            }
        ],
        "rule-1": [
            {
                "part": null,
                "node-pos": 10,
                "replacement-node": 0,
                "template-line-number": 22
            }
        ],
        "rule-10": [
            {
                "part": null,
                "node-pos": 48,
                "replacement-node": 27,
                "expression-node": 28,
                "template-line-number": 106
            }
        ],
        "rule-16": [
            {
                "part": null,
                "node-pos": 125,
                "replacement-node": 75,
                "expression-node": 76,
                "template-line-number": 327
            }
        ],
        "rule-2": [
            {
                "part": null,
                "node-pos": 14,
                "replacement-node": 3,
                "expression-node": 4,
                "template-line-number": 29
            }
        ],
        "rule-17": [
            {
                "part": null,
                "node-pos": 129,
                "replacement-node": 78,
                "expression-node": 79,
                "template-line-number": 337
            }
        ],
        "rule-11": [
            {
                "part": null,
                "node-pos": 54,
                "replacement-node": 30,
                "template-line-number": 117
            }
        ],
        "rule-14": [
            {
                "part": null,
                "node-pos": 117,
                "replacement-node": 69,
                "expression-node": 70,
                "template-line-number": 307
            }
        ],
        "rule-7": [
            {
                "part": null,
                "node-pos": 36,
                "replacement-node": 18,
                "expression-node": 19,
                "template-line-number": 86
            }
        ],
        "rule-6": [
            {
                "part": null,
                "node-pos": 32,
                "replacement-node": 15,
                "template-line-number": 79
            }
        ],
        "rule-15": [
            {
                "part": null,
                "node-pos": 121,
                "replacement-node": 72,
                "expression-node": 73,
                "template-line-number": 317
            }
        ],
        "rule-22": {
            "name": "AnalysisofBillingNonAssociateCompanies",
            "subs": [
                {
                    "part": "2",
                    "name": "AnalysisofBillingNonAssociateCompanies",
                    "expression-node": 49,
                    "template-line-number": 244,
                    "node-pos": 86,
                    "replacement-node": 48
                },
                {
                    "part": "3",
                    "name": "AnalysisofBillingNonAssociateCompanies",
                    "expression-node": 52,
                    "template-line-number": 252,
                    "node-pos": 90,
                    "replacement-node": 51
                },
                {
                    "part": "4",
                    "name": "AnalysisofBillingNonAssociateCompanies",
                    "expression-node": 55,
                    "template-line-number": 260,
                    "node-pos": 94,
                    "replacement-node": 54
                },
                {
                    "part": "5",
                    "name": "AnalysisofBillingNonAssociateCompanies",
                    "expression-node": 58,
                    "template-line-number": 268,
                    "node-pos": 98,
                    "replacement-node": 57
                },
                {
                    "part": "6",
                    "name": "AnalysisofBillingNonAssociateCompanies",
                    "expression-node": 61,
                    "template-line-number": 276,
                    "node-pos": 102,
                    "replacement-node": 60
                },
                {
                    "part": "7",
                    "name": "AnalysisofBillingNonAssociateCompanies",
                    "expression-node": 64,
                    "template-line-number": 284,
                    "node-pos": 106,
                    "replacement-node": 63
                }
            ]
        },
        "rule-21": {
            "name": "ColumnHeadings",
            "subs": [
                {
                    "part": "1",
                    "name": "ColumnHeadings",
                    "template-line-number": 167,
                    "node-pos": 73,
                    "replacement-node": 39,
                    "extras": {}
                },
                {
                    "part": "2",
                    "name": "ColumnHeadings",
                    "template-line-number": 175,
                    "node-pos": 77,
                    "replacement-node": 42,
                    "extras": {}
                },
                {
                    "part": "3",
                    "name": "ColumnHeadings",
                    "template-line-number": 163,
                    "node-pos": 71,
                    "replacement-node": 37,
                    "extras": {}
                }
            ]
        },
        "rule-19": [
            {
                "part": null,
                "node-pos": 139,
                "replacement-node": 84,
                "template-line-number": 357
            }
        ],
        "rule-3": [
            {
                "part": null,
                "node-pos": 18,
                "replacement-node": 6,
                "template-line-number": 36
            }
        ],
        "rule-12": [
            {
                "html": true,
                "part": null,
                "node-pos": 59,
                "replacement-node": 33,
                "template-line-number": 128
            }
        ]
    },
    "showifs": {},
    "line-numbers": {
        "AnalysisofBillingNonAssociateCompanies": [
            {
                "start-number": 1,
                "line-number-node": 46,
                "template-line-number": 239
            }
        ]
    }
}