{
    "showifs": {},
    "substitutions": {
        "rule-12": [
            {
                "html": true,
                "replacement-node": 33,
                "part": null,
                "template-line-number": 104,
                "node-pos": 59
            }
        ],
        "rule-1": [
            {
                "replacement-node": 0,
                "part": null,
                "template-line-number": 23,
                "node-pos": 10
            }
        ],
        "rule-4": [
            {
                "html": true,
                "replacement-node": 9,
                "part": null,
                "template-line-number": 40,
                "node-pos": 22
            }
        ],
        "rule-5": [
            {
                "html": true,
                "replacement-node": 12,
                "part": null,
                "template-line-number": 52,
                "node-pos": 27
            }
        ],
        "rule-6": [
            {
                "replacement-node": 15,
                "part": null,
                "template-line-number": 63,
                "node-pos": 32
            }
        ],
        "rule-15": [
            {
                "replacement-node": 63,
                "part": null,
                "template-line-number": 226,
                "node-pos": 109
            }
        ],
        "rule-16": {
            "name": "ListHeadings",
            "subs": [
                {
                    "extras": {},
                    "node-pos": 69,
                    "name": "ListHeadings",
                    "replacement-node": 37,
                    "part": "1",
                    "template-line-number": 129
                },
                {
                    "extras": {},
                    "node-pos": 73,
                    "name": "ListHeadings",
                    "replacement-node": 40,
                    "part": "2",
                    "template-line-number": 136
                }
            ]
        },
        "rule-7": [
            {
                "expression-node": 19,
                "replacement-node": 18,
                "part": null,
                "template-line-number": 68,
                "node-pos": 36
            }
        ],
        "rule-14": [
            {
                "replacement-node": 60,
                "part": null,
                "template-line-number": 217,
                "node-pos": 105
            }
        ],
        "rule-3": [
            {
                "replacement-node": 6,
                "part": null,
                "template-line-number": 34,
                "node-pos": 18
            }
        ],
        "rule-10": [
            {
                "expression-node": 28,
                "replacement-node": 27,
                "part": null,
                "template-line-number": 83,
                "node-pos": 48
            }
        ],
        "rule-2": [
            {
                "expression-node": 4,
                "replacement-node": 3,
                "part": null,
                "template-line-number": 28,
                "node-pos": 14
            }
        ],
        "rule-9": [
            {
                "expression-node": 25,
                "replacement-node": 24,
                "part": null,
                "template-line-number": 78,
                "node-pos": 44
            }
        ],
        "rule-17": {
            "name": "ListLineItems",
            "subs": [
                {
                    "extras": {},
                    "node-pos": 79,
                    "name": "ListLineItems",
                    "replacement-node": 44,
                    "part": "1",
                    "template-line-number": 172
                },
                {
                    "extras": {},
                    "node-pos": 87,
                    "name": "ListLineItems",
                    "replacement-node": 49,
                    "part": "2",
                    "template-line-number": 183
                },
                {
                    "extras": {},
                    "node-pos": 92,
                    "name": "ListLineItems",
                    "replacement-node": 52,
                    "part": "3",
                    "template-line-number": 194
                },
                {
                    "expression-node": 56,
                    "node-pos": 96,
                    "name": "ListLineItems",
                    "replacement-node": 55,
                    "part": "5",
                    "template-line-number": 201
                },
                {
                    "extras": {},
                    "node-pos": 85,
                    "name": "ListLineItems",
                    "replacement-node": 47,
                    "part": "6",
                    "template-line-number": 179
                }
            ]
        },
        "rule-13": [
            {
                "expression-node": 58,
                "replacement-node": 57,
                "part": null,
                "template-line-number": 211,
                "node-pos": 101
            }
        ],
        "rule-8": [
            {
                "replacement-node": 21,
                "part": null,
                "template-line-number": 73,
                "node-pos": 40
            }
        ],
        "rule-11": [
            {
                "replacement-node": 30,
                "part": null,
                "template-line-number": 93,
                "node-pos": 54
            }
        ]
    },
    "line-numbers": {}
}