{
    "substitutions": {
        "rule-8": [
            {
                "part": null,
                "template-line-number": 71,
                "replacement-node": 21,
                "node-pos": 39
            }
        ],
        "rule-13": [
            {
                "part": null,
                "template-line-number": 269,
                "replacement-node": 72,
                "expression-node": 73,
                "node-pos": 125
            }
        ],
        "rule-16": {
            "name": "GasPlantInServiceHeadings",
            "subs": [
                {
                    "part": "1",
                    "extras": {},
                    "replacement-node": 37,
                    "name": "GasPlantInServiceHeadings",
                    "node-pos": 75,
                    "template-line-number": 135
                },
                {
                    "part": "2",
                    "extras": {},
                    "replacement-node": 40,
                    "name": "GasPlantInServiceHeadings",
                    "node-pos": 79,
                    "template-line-number": 142
                }
            ]
        },
        "rule-2": [
            {
                "part": null,
                "template-line-number": 26,
                "replacement-node": 3,
                "expression-node": 4,
                "node-pos": 13
            }
        ],
        "rule-12": [
            {
                "part": null,
                "template-line-number": 103,
                "html": true,
                "replacement-node": 33,
                "node-pos": 58
            }
        ],
        "rule-6": [
            {
                "part": null,
                "template-line-number": 61,
                "replacement-node": 15,
                "node-pos": 31
            }
        ],
        "rule-17": {
            "name": "GasPlantInServiceLineItems",
            "subs": [
                {
                    "part": "2",
                    "extras": {},
                    "replacement-node": 49,
                    "name": "GasPlantInServiceLineItems",
                    "node-pos": 93,
                    "template-line-number": 208
                },
                {
                    "part": "2",
                    "replacement-node": 54,
                    "name": "GasPlantInServiceLineItems",
                    "node-pos": 99,
                    "template-line-number": 219,
                    "expression-node": 55
                },
                {
                    "part": "3",
                    "replacement-node": 57,
                    "name": "GasPlantInServiceLineItems",
                    "node-pos": 103,
                    "template-line-number": 227,
                    "expression-node": 58
                },
                {
                    "part": "4",
                    "replacement-node": 60,
                    "name": "GasPlantInServiceLineItems",
                    "node-pos": 107,
                    "template-line-number": 235,
                    "expression-node": 61
                },
                {
                    "part": "5",
                    "replacement-node": 63,
                    "name": "GasPlantInServiceLineItems",
                    "node-pos": 111,
                    "template-line-number": 243,
                    "expression-node": 64
                },
                {
                    "part": "6",
                    "extras": {},
                    "replacement-node": 47,
                    "name": "GasPlantInServiceLineItems",
                    "node-pos": 91,
                    "template-line-number": 204
                },
                {
                    "part": "6",
                    "replacement-node": 66,
                    "name": "GasPlantInServiceLineItems",
                    "node-pos": 115,
                    "template-line-number": 251,
                    "expression-node": 67
                },
                {
                    "part": "7",
                    "replacement-node": 69,
                    "name": "GasPlantInServiceLineItems",
                    "node-pos": 119,
                    "template-line-number": 259,
                    "expression-node": 70
                }
            ]
        },
        "rule-4": [
            {
                "part": null,
                "template-line-number": 38,
                "html": true,
                "replacement-node": 9,
                "node-pos": 21
            }
        ],
        "rule-10": [
            {
                "part": null,
                "template-line-number": 81,
                "replacement-node": 27,
                "expression-node": 28,
                "node-pos": 47
            }
        ],
        "rule-9": [
            {
                "part": null,
                "template-line-number": 76,
                "replacement-node": 24,
                "expression-node": 25,
                "node-pos": 43
            }
        ],
        "rule-5": [
            {
                "part": null,
                "template-line-number": 50,
                "html": true,
                "replacement-node": 12,
                "node-pos": 26
            }
        ],
        "rule-11": [
            {
                "part": null,
                "template-line-number": 92,
                "replacement-node": 30,
                "node-pos": 53
            }
        ],
        "rule-1": [
            {
                "part": null,
                "template-line-number": 21,
                "replacement-node": 0,
                "node-pos": 9
            }
        ],
        "rule-7": [
            {
                "part": null,
                "template-line-number": 66,
                "replacement-node": 18,
                "expression-node": 19,
                "node-pos": 35
            }
        ],
        "rule-3": [
            {
                "part": null,
                "template-line-number": 32,
                "replacement-node": 6,
                "node-pos": 17
            }
        ],
        "rule-14": [
            {
                "part": null,
                "template-line-number": 274,
                "replacement-node": 75,
                "node-pos": 129
            }
        ],
        "rule-15": [
            {
                "part": null,
                "template-line-number": 284,
                "replacement-node": 78,
                "node-pos": 133
            }
        ]
    },
    "line-numbers": {
        "GasPlantInServiceLineItems": [
            {
                "start-number": 1,
                "template-line-number": 193,
                "line-number-node": 44
            }
        ]
    },
    "showifs": {}
}