{
    "substitutions": {
        "rule-6": [
            {
                "template-line-number": 63,
                "replacement-node": 15,
                "part": null,
                "node-pos": 32
            }
        ],
        "rule-12": [
            {
                "html": true,
                "template-line-number": 104,
                "replacement-node": 33,
                "part": null,
                "node-pos": 60
            }
        ],
        "rule-15": [
            {
                "template-line-number": 366,
                "replacement-node": 69,
                "part": null,
                "node-pos": 118
            }
        ],
        "rule-2": [
            {
                "expression-node": 4,
                "template-line-number": 28,
                "replacement-node": 3,
                "part": null,
                "node-pos": 14
            }
        ],
        "rule-16": {
            "subs": [
                {
                    "extras": {},
                    "name": "CFLineItems",
                    "template-line-number": 300,
                    "node-pos": 83,
                    "part": "1",
                    "replacement-node": 44
                },
                {
                    "extras": {},
                    "name": "CFLineItems",
                    "template-line-number": 311,
                    "node-pos": 91,
                    "part": "2",
                    "replacement-node": 49
                },
                {
                    "expression-node": 54,
                    "name": "CFLineItems",
                    "template-line-number": 322,
                    "node-pos": 96,
                    "part": "4",
                    "replacement-node": 53
                },
                {
                    "expression-node": 59,
                    "name": "CFLineItems",
                    "template-line-number": 332,
                    "node-pos": 102,
                    "part": "5",
                    "replacement-node": 58
                },
                {
                    "extras": {},
                    "name": "CFLineItems",
                    "template-line-number": 307,
                    "node-pos": 89,
                    "part": "6",
                    "replacement-node": 47
                }
            ],
            "name": "CFLineItems"
        },
        "rule-4": [
            {
                "html": true,
                "template-line-number": 40,
                "replacement-node": 9,
                "part": null,
                "node-pos": 22
            }
        ],
        "rule-9": [
            {
                "expression-node": 25,
                "template-line-number": 78,
                "replacement-node": 24,
                "part": null,
                "node-pos": 45
            }
        ],
        "rule-11": [
            {
                "template-line-number": 93,
                "replacement-node": 30,
                "part": null,
                "node-pos": 55
            }
        ],
        "rule-1": [
            {
                "template-line-number": 23,
                "replacement-node": 0,
                "part": null,
                "node-pos": 10
            }
        ],
        "rule-3": [
            {
                "template-line-number": 34,
                "replacement-node": 6,
                "part": null,
                "node-pos": 18
            }
        ],
        "rule-14": [
            {
                "template-line-number": 356,
                "replacement-node": 66,
                "part": null,
                "node-pos": 114
            }
        ],
        "rule-8": [
            {
                "template-line-number": 73,
                "replacement-node": 21,
                "part": null,
                "node-pos": 40
            }
        ],
        "rule-17": {
            "subs": [
                {
                    "extras": {},
                    "name": "ISHeadings",
                    "template-line-number": 132,
                    "node-pos": 73,
                    "part": "1",
                    "replacement-node": 37
                },
                {
                    "extras": {},
                    "name": "ISHeadings",
                    "template-line-number": 139,
                    "node-pos": 77,
                    "part": "2",
                    "replacement-node": 40
                }
            ],
            "name": "ISHeadings"
        },
        "rule-10": [
            {
                "expression-node": 28,
                "template-line-number": 83,
                "replacement-node": 27,
                "part": null,
                "node-pos": 49
            }
        ],
        "rule-13": [
            {
                "expression-node": 64,
                "template-line-number": 351,
                "replacement-node": 63,
                "part": null,
                "node-pos": 110
            }
        ],
        "rule-7": [
            {
                "expression-node": 19,
                "template-line-number": 68,
                "replacement-node": 18,
                "part": null,
                "node-pos": 36
            }
        ],
        "rule-5": [
            {
                "html": true,
                "template-line-number": 52,
                "replacement-node": 12,
                "part": null,
                "node-pos": 27
            }
        ]
    },
    "showifs": {},
    "line-numbers": {}
}