{
    "showifs": {},
    "substitutions": {
        "rule-15": [
            {
                "replacement-node": 42,
                "part": null,
                "node-pos": 77,
                "template-line-number": 142
            }
        ],
        "rule-14": [
            {
                "replacement-node": 39,
                "part": null,
                "node-pos": 73,
                "template-line-number": 133
            }
        ],
        "rule-5": [
            {
                "html": true,
                "replacement-node": 12,
                "part": null,
                "node-pos": 26,
                "template-line-number": 49
            }
        ],
        "rule-4": [
            {
                "html": true,
                "replacement-node": 9,
                "part": null,
                "node-pos": 21,
                "template-line-number": 37
            }
        ],
        "rule-1": [
            {
                "replacement-node": 0,
                "part": null,
                "node-pos": 9,
                "template-line-number": 21
            }
        ],
        "rule-6": [
            {
                "replacement-node": 15,
                "part": null,
                "node-pos": 31,
                "template-line-number": 60
            }
        ],
        "rule-7": [
            {
                "replacement-node": 18,
                "part": null,
                "node-pos": 35,
                "expression-node": 19,
                "template-line-number": 64
            }
        ],
        "rule-11": [
            {
                "replacement-node": 30,
                "part": null,
                "node-pos": 53,
                "template-line-number": 88
            }
        ],
        "rule-8": [
            {
                "replacement-node": 21,
                "part": null,
                "node-pos": 39,
                "template-line-number": 69
            }
        ],
        "rule-12": [
            {
                "html": true,
                "replacement-node": 33,
                "part": null,
                "node-pos": 58,
                "template-line-number": 99
            }
        ],
        "rule-9": [
            {
                "replacement-node": 24,
                "part": null,
                "node-pos": 43,
                "expression-node": 25,
                "template-line-number": 73
            }
        ],
        "rule-10": [
            {
                "replacement-node": 27,
                "part": null,
                "node-pos": 47,
                "expression-node": 28,
                "template-line-number": 78
            }
        ],
        "rule-13": [
            {
                "replacement-node": 36,
                "part": null,
                "node-pos": 69,
                "expression-node": 37,
                "template-line-number": 128
            }
        ],
        "rule-3": [
            {
                "replacement-node": 6,
                "part": null,
                "node-pos": 17,
                "template-line-number": 31
            }
        ],
        "rule-2": [
            {
                "replacement-node": 3,
                "part": null,
                "node-pos": 13,
                "expression-node": 4,
                "template-line-number": 25
            }
        ]
    },
    "line-numbers": {}
}