{
    "line-numbers": {
        "NonTraditionalRate": [
            {
                "line-number-node": 46,
                "template-line-number": 231,
                "start-number": 1
            }
        ]
    },
    "showifs": {},
    "substitutions": {
        "rule-8": [
            {
                "replacement-node": 21,
                "part": null,
                "node-pos": 39,
                "template-line-number": 69
            }
        ],
        "rule-13": [
            {
                "replacement-node": 81,
                "part": null,
                "node-pos": 143,
                "template-line-number": 306
            }
        ],
        "rule-12": [
            {
                "replacement-node": 33,
                "html": true,
                "part": null,
                "node-pos": 58,
                "template-line-number": 99
            }
        ],
        "rule-14": [
            {
                "replacement-node": 84,
                "part": null,
                "node-pos": 150,
                "template-line-number": 320,
                "expression-node": 85
            }
        ],
        "rule-25": {
            "name": "NonTraditionalRate",
            "subs": [
                {
                    "replacement-node": 72,
                    "part": "10",
                    "node-pos": 129,
                    "template-line-number": 283,
                    "expression-node": 73,
                    "name": "NonTraditionalRate"
                },
                {
                    "replacement-node": 75,
                    "part": "11",
                    "node-pos": 133,
                    "template-line-number": 289,
                    "expression-node": 76,
                    "name": "NonTraditionalRate"
                },
                {
                    "replacement-node": 78,
                    "part": "12",
                    "node-pos": 137,
                    "template-line-number": 295,
                    "expression-node": 79,
                    "name": "NonTraditionalRate"
                },
                {
                    "replacement-node": 48,
                    "part": "2",
                    "node-pos": 97,
                    "template-line-number": 235,
                    "expression-node": 49,
                    "name": "NonTraditionalRate"
                },
                {
                    "replacement-node": 51,
                    "part": "3",
                    "node-pos": 101,
                    "template-line-number": 241,
                    "expression-node": 52,
                    "name": "NonTraditionalRate"
                },
                {
                    "replacement-node": 54,
                    "part": "4",
                    "node-pos": 105,
                    "template-line-number": 247,
                    "expression-node": 55,
                    "name": "NonTraditionalRate"
                },
                {
                    "replacement-node": 57,
                    "part": "5",
                    "node-pos": 109,
                    "template-line-number": 253,
                    "expression-node": 58,
                    "name": "NonTraditionalRate"
                },
                {
                    "replacement-node": 60,
                    "part": "6",
                    "node-pos": 113,
                    "template-line-number": 259,
                    "expression-node": 61,
                    "name": "NonTraditionalRate"
                },
                {
                    "replacement-node": 63,
                    "part": "7",
                    "node-pos": 117,
                    "template-line-number": 265,
                    "expression-node": 64,
                    "name": "NonTraditionalRate"
                },
                {
                    "replacement-node": 66,
                    "part": "8",
                    "node-pos": 121,
                    "template-line-number": 271,
                    "expression-node": 67,
                    "name": "NonTraditionalRate"
                },
                {
                    "replacement-node": 69,
                    "part": "9",
                    "node-pos": 125,
                    "template-line-number": 277,
                    "expression-node": 70,
                    "name": "NonTraditionalRate"
                }
            ]
        },
        "rule-18": [
            {
                "replacement-node": 96,
                "part": null,
                "node-pos": 166,
                "template-line-number": 356,
                "expression-node": 97
            }
        ],
        "rule-4": [
            {
                "replacement-node": 9,
                "html": true,
                "part": null,
                "node-pos": 21,
                "template-line-number": 37
            }
        ],
        "rule-20": [
            {
                "replacement-node": 102,
                "part": null,
                "node-pos": 174,
                "template-line-number": 374,
                "expression-node": 103
            }
        ],
        "rule-1": [
            {
                "replacement-node": 0,
                "part": null,
                "node-pos": 9,
                "template-line-number": 21
            }
        ],
        "rule-22": [
            {
                "replacement-node": 108,
                "part": null,
                "node-pos": 184,
                "template-line-number": 397,
                "expression-node": 109
            }
        ],
        "rule-7": [
            {
                "replacement-node": 18,
                "part": null,
                "node-pos": 35,
                "template-line-number": 64,
                "expression-node": 19
            }
        ],
        "rule-11": [
            {
                "replacement-node": 30,
                "part": null,
                "node-pos": 53,
                "template-line-number": 88
            }
        ],
        "rule-9": [
            {
                "replacement-node": 24,
                "part": null,
                "node-pos": 43,
                "template-line-number": 73,
                "expression-node": 25
            }
        ],
        "rule-19": [
            {
                "replacement-node": 99,
                "part": null,
                "node-pos": 170,
                "template-line-number": 365,
                "expression-node": 100
            }
        ],
        "rule-3": [
            {
                "replacement-node": 6,
                "part": null,
                "node-pos": 17,
                "template-line-number": 31
            }
        ],
        "rule-16": [
            {
                "replacement-node": 90,
                "part": null,
                "node-pos": 158,
                "template-line-number": 338,
                "expression-node": 91
            }
        ],
        "rule-15": [
            {
                "replacement-node": 87,
                "part": null,
                "node-pos": 154,
                "template-line-number": 329,
                "expression-node": 88
            }
        ],
        "rule-10": [
            {
                "replacement-node": 27,
                "part": null,
                "node-pos": 47,
                "template-line-number": 78,
                "expression-node": 28
            }
        ],
        "rule-21": [
            {
                "replacement-node": 105,
                "part": null,
                "node-pos": 178,
                "template-line-number": 383,
                "expression-node": 106
            }
        ],
        "rule-2": [
            {
                "replacement-node": 3,
                "part": null,
                "node-pos": 13,
                "template-line-number": 25,
                "expression-node": 4
            }
        ],
        "rule-26": {
            "name": "NTRTANOHeadings",
            "subs": [
                {
                    "replacement-node": 39,
                    "part": "1",
                    "node-pos": 84,
                    "template-line-number": 144,
                    "name": "NTRTANOHeadings",
                    "extras": {}
                },
                {
                    "replacement-node": 42,
                    "part": "2",
                    "node-pos": 88,
                    "template-line-number": 153,
                    "name": "NTRTANOHeadings",
                    "extras": {}
                },
                {
                    "replacement-node": 37,
                    "part": "3",
                    "node-pos": 82,
                    "template-line-number": 140,
                    "name": "NTRTANOHeadings",
                    "extras": {}
                }
            ]
        },
        "rule-24": [
            {
                "replacement-node": 114,
                "part": null,
                "node-pos": 192,
                "template-line-number": 411
            }
        ],
        "rule-23": [
            {
                "replacement-node": 111,
                "part": null,
                "node-pos": 188,
                "template-line-number": 402
            }
        ],
        "rule-5": [
            {
                "replacement-node": 12,
                "html": true,
                "part": null,
                "node-pos": 26,
                "template-line-number": 49
            }
        ],
        "rule-17": [
            {
                "replacement-node": 93,
                "part": null,
                "node-pos": 162,
                "template-line-number": 347,
                "expression-node": 94
            }
        ],
        "rule-6": [
            {
                "replacement-node": 15,
                "part": null,
                "node-pos": 31,
                "template-line-number": 60
            }
        ]
    }
}