{
    "line-numbers": {},
    "substitutions": {
        "rule-8": [
            {
                "node-pos": 40,
                "template-line-number": 73,
                "replacement-node": 21,
                "part": null
            }
        ],
        "rule-5": [
            {
                "node-pos": 27,
                "html": true,
                "template-line-number": 52,
                "replacement-node": 12,
                "part": null
            }
        ],
        "rule-21": [
            {
                "node-pos": 112,
                "template-line-number": 211,
                "replacement-node": 60,
                "part": null
            }
        ],
        "rule-15": [
            {
                "node-pos": 82,
                "html": true,
                "replacement-node": 42,
                "template-line-number": 147,
                "part": null,
                "expression-node": 43
            }
        ],
        "rule-4": [
            {
                "node-pos": 22,
                "html": true,
                "template-line-number": 40,
                "replacement-node": 9,
                "part": null
            }
        ],
        "rule-9": [
            {
                "node-pos": 44,
                "template-line-number": 78,
                "expression-node": 25,
                "replacement-node": 24,
                "part": null
            }
        ],
        "rule-3": [
            {
                "node-pos": 18,
                "template-line-number": 34,
                "replacement-node": 6,
                "part": null
            }
        ],
        "rule-10": [
            {
                "node-pos": 48,
                "template-line-number": 83,
                "expression-node": 28,
                "replacement-node": 27,
                "part": null
            }
        ],
        "rule-2": [
            {
                "node-pos": 14,
                "template-line-number": 28,
                "expression-node": 4,
                "replacement-node": 3,
                "part": null
            }
        ],
        "rule-7": [
            {
                "node-pos": 36,
                "template-line-number": 68,
                "expression-node": 19,
                "replacement-node": 18,
                "part": null
            }
        ],
        "rule-12": [
            {
                "node-pos": 59,
                "html": true,
                "template-line-number": 105,
                "replacement-node": 33,
                "part": null
            }
        ],
        "rule-1": [
            {
                "node-pos": 10,
                "template-line-number": 23,
                "replacement-node": 0,
                "part": null
            }
        ],
        "rule-17": [
            {
                "node-pos": 92,
                "html": true,
                "replacement-node": 48,
                "template-line-number": 169,
                "part": null,
                "expression-node": 49
            }
        ],
        "rule-16": [
            {
                "node-pos": 87,
                "html": true,
                "replacement-node": 45,
                "template-line-number": 158,
                "part": null,
                "expression-node": 46
            }
        ],
        "rule-18": [
            {
                "node-pos": 97,
                "html": true,
                "replacement-node": 51,
                "template-line-number": 180,
                "part": null,
                "expression-node": 52
            }
        ],
        "rule-19": [
            {
                "node-pos": 102,
                "html": true,
                "replacement-node": 54,
                "template-line-number": 191,
                "part": null,
                "expression-node": 55
            }
        ],
        "rule-6": [
            {
                "node-pos": 32,
                "template-line-number": 63,
                "replacement-node": 15,
                "part": null
            }
        ],
        "rule-11": [
            {
                "node-pos": 54,
                "template-line-number": 93,
                "replacement-node": 30,
                "part": null
            }
        ],
        "rule-14": [
            {
                "node-pos": 77,
                "html": true,
                "replacement-node": 39,
                "template-line-number": 136,
                "part": null,
                "expression-node": 40
            }
        ],
        "rule-20": [
            {
                "node-pos": 108,
                "template-line-number": 206,
                "expression-node": 58,
                "replacement-node": 57,
                "part": null
            }
        ],
        "rule-13": [
            {
                "node-pos": 72,
                "html": true,
                "replacement-node": 36,
                "template-line-number": 125,
                "part": null,
                "expression-node": 37
            }
        ],
        "rule-22": [
            {
                "node-pos": 116,
                "template-line-number": 221,
                "replacement-node": 63,
                "part": null
            }
        ]
    },
    "showifs": {}
}