{
    "line-numbers": {
        "DiscountedRate": [
            {
                "start-number": 1,
                "line-number-node": 46,
                "template-line-number": 199
            }
        ]
    },
    "showifs": {},
    "substitutions": {
        "rule-7": [
            {
                "expression-node": 19,
                "node-pos": 35,
                "template-line-number": 64,
                "replacement-node": 18,
                "part": null
            }
        ],
        "rule-8": [
            {
                "node-pos": 39,
                "template-line-number": 69,
                "replacement-node": 21,
                "part": null
            }
        ],
        "rule-19": [
            {
                "node-pos": 137,
                "template-line-number": 300,
                "replacement-node": 81,
                "part": null
            }
        ],
        "rule-10": [
            {
                "expression-node": 28,
                "node-pos": 47,
                "template-line-number": 78,
                "replacement-node": 27,
                "part": null
            }
        ],
        "rule-5": [
            {
                "html": true,
                "node-pos": 26,
                "template-line-number": 49,
                "replacement-node": 12,
                "part": null
            }
        ],
        "rule-22": {
            "subs": [
                {
                    "expression-node": 49,
                    "replacement-node": 48,
                    "name": "DiscountedRate",
                    "node-pos": 88,
                    "template-line-number": 203,
                    "part": "2"
                },
                {
                    "expression-node": 52,
                    "replacement-node": 51,
                    "name": "DiscountedRate",
                    "node-pos": 92,
                    "template-line-number": 209,
                    "part": "3"
                },
                {
                    "expression-node": 55,
                    "replacement-node": 54,
                    "name": "DiscountedRate",
                    "node-pos": 96,
                    "template-line-number": 215,
                    "part": "4"
                },
                {
                    "expression-node": 58,
                    "replacement-node": 57,
                    "name": "DiscountedRate",
                    "node-pos": 100,
                    "template-line-number": 221,
                    "part": "5"
                },
                {
                    "expression-node": 61,
                    "replacement-node": 60,
                    "name": "DiscountedRate",
                    "node-pos": 104,
                    "template-line-number": 227,
                    "part": "6"
                }
            ],
            "name": "DiscountedRate"
        },
        "rule-18": [
            {
                "expression-node": 79,
                "node-pos": 133,
                "template-line-number": 295,
                "replacement-node": 78,
                "part": null
            }
        ],
        "rule-17": [
            {
                "expression-node": 76,
                "node-pos": 127,
                "template-line-number": 282,
                "replacement-node": 75,
                "part": null
            }
        ],
        "rule-14": [
            {
                "expression-node": 67,
                "node-pos": 115,
                "template-line-number": 252,
                "replacement-node": 66,
                "part": null
            }
        ],
        "rule-20": [
            {
                "node-pos": 141,
                "template-line-number": 309,
                "replacement-node": 84,
                "part": null
            }
        ],
        "rule-15": [
            {
                "expression-node": 70,
                "node-pos": 119,
                "template-line-number": 262,
                "replacement-node": 69,
                "part": null
            }
        ],
        "rule-13": [
            {
                "node-pos": 110,
                "template-line-number": 239,
                "replacement-node": 63,
                "part": null
            }
        ],
        "rule-11": [
            {
                "node-pos": 53,
                "template-line-number": 88,
                "replacement-node": 30,
                "part": null
            }
        ],
        "rule-16": [
            {
                "expression-node": 73,
                "node-pos": 123,
                "template-line-number": 272,
                "replacement-node": 72,
                "part": null
            }
        ],
        "rule-1": [
            {
                "node-pos": 9,
                "template-line-number": 21,
                "replacement-node": 0,
                "part": null
            }
        ],
        "rule-2": [
            {
                "expression-node": 4,
                "node-pos": 13,
                "template-line-number": 25,
                "replacement-node": 3,
                "part": null
            }
        ],
        "rule-9": [
            {
                "expression-node": 25,
                "node-pos": 43,
                "template-line-number": 73,
                "replacement-node": 24,
                "part": null
            }
        ],
        "rule-4": [
            {
                "html": true,
                "node-pos": 21,
                "template-line-number": 37,
                "replacement-node": 9,
                "part": null
            }
        ],
        "rule-21": {
            "subs": [
                {
                    "replacement-node": 39,
                    "extras": {},
                    "name": "InvHeadings",
                    "node-pos": 75,
                    "template-line-number": 134,
                    "part": "1"
                },
                {
                    "replacement-node": 42,
                    "extras": {},
                    "name": "InvHeadings",
                    "node-pos": 79,
                    "template-line-number": 143,
                    "part": "2"
                },
                {
                    "replacement-node": 37,
                    "extras": {},
                    "name": "InvHeadings",
                    "node-pos": 73,
                    "template-line-number": 130,
                    "part": "3"
                }
            ],
            "name": "InvHeadings"
        },
        "rule-12": [
            {
                "html": true,
                "node-pos": 58,
                "template-line-number": 99,
                "replacement-node": 33,
                "part": null
            }
        ],
        "rule-3": [
            {
                "node-pos": 17,
                "template-line-number": 31,
                "replacement-node": 6,
                "part": null
            }
        ],
        "rule-6": [
            {
                "node-pos": 31,
                "template-line-number": 60,
                "replacement-node": 15,
                "part": null
            }
        ]
    }
}