{
    "showifs": {},
    "line-numbers": {
        "GasPropertyAndCapacityLeasedFromOthers": [
            {
                "start-number": 1,
                "line-number-node": 46,
                "template-line-number": 194
            }
        ]
    },
    "substitutions": {
        "rule-6": [
            {
                "node-pos": 31,
                "replacement-node": 15,
                "part": null,
                "template-line-number": 60
            }
        ],
        "rule-1": [
            {
                "node-pos": 9,
                "replacement-node": 0,
                "part": null,
                "template-line-number": 21
            }
        ],
        "rule-16": [
            {
                "node-pos": 121,
                "replacement-node": 69,
                "part": null,
                "template-line-number": 255
            }
        ],
        "rule-8": [
            {
                "node-pos": 39,
                "replacement-node": 21,
                "part": null,
                "template-line-number": 69
            }
        ],
        "rule-11": [
            {
                "node-pos": 53,
                "replacement-node": 30,
                "part": null,
                "template-line-number": 89
            }
        ],
        "rule-17": [
            {
                "node-pos": 125,
                "replacement-node": 72,
                "part": null,
                "template-line-number": 264
            }
        ],
        "rule-2": [
            {
                "node-pos": 13,
                "expression-node": 4,
                "replacement-node": 3,
                "part": null,
                "template-line-number": 25
            }
        ],
        "rule-14": [
            {
                "node-pos": 111,
                "expression-node": 64,
                "replacement-node": 63,
                "part": null,
                "template-line-number": 236
            }
        ],
        "rule-3": [
            {
                "node-pos": 17,
                "replacement-node": 6,
                "part": null,
                "template-line-number": 31
            }
        ],
        "rule-9": [
            {
                "node-pos": 43,
                "expression-node": 25,
                "replacement-node": 24,
                "part": null,
                "template-line-number": 73
            }
        ],
        "rule-7": [
            {
                "node-pos": 35,
                "expression-node": 19,
                "replacement-node": 18,
                "part": null,
                "template-line-number": 64
            }
        ],
        "rule-4": [
            {
                "html": true,
                "node-pos": 21,
                "replacement-node": 9,
                "part": null,
                "template-line-number": 37
            }
        ],
        "rule-13": [
            {
                "node-pos": 104,
                "replacement-node": 60,
                "part": null,
                "template-line-number": 222
            }
        ],
        "rule-12": [
            {
                "html": true,
                "node-pos": 58,
                "replacement-node": 33,
                "part": null,
                "template-line-number": 100
            }
        ],
        "rule-5": [
            {
                "html": true,
                "node-pos": 26,
                "replacement-node": 12,
                "part": null,
                "template-line-number": 49
            }
        ],
        "rule-10": [
            {
                "node-pos": 47,
                "expression-node": 28,
                "replacement-node": 27,
                "part": null,
                "template-line-number": 78
            }
        ],
        "rule-15": [
            {
                "node-pos": 117,
                "expression-node": 67,
                "replacement-node": 66,
                "part": null,
                "template-line-number": 250
            }
        ],
        "rule-18": {
            "subs": [
                {
                    "node-pos": 73,
                    "replacement-node": 39,
                    "part": "1",
                    "template-line-number": 134,
                    "name": "GasPlantInServiceHeadings",
                    "extras": {}
                },
                {
                    "node-pos": 77,
                    "replacement-node": 42,
                    "part": "2",
                    "template-line-number": 143,
                    "name": "GasPlantInServiceHeadings",
                    "extras": {}
                },
                {
                    "node-pos": 71,
                    "replacement-node": 37,
                    "part": "3",
                    "template-line-number": 130,
                    "name": "GasPlantInServiceHeadings",
                    "extras": {}
                }
            ],
            "name": "GasPlantInServiceHeadings"
        },
        "rule-19": {
            "subs": [
                {
                    "node-pos": 86,
                    "replacement-node": 48,
                    "part": "2",
                    "template-line-number": 197,
                    "expression-node": 49,
                    "name": "GasPropertyAndCapacityLeasedFromOthers"
                },
                {
                    "node-pos": 90,
                    "replacement-node": 51,
                    "part": "3",
                    "template-line-number": 202,
                    "name": "GasPropertyAndCapacityLeasedFromOthers",
                    "extras": {}
                },
                {
                    "node-pos": 94,
                    "replacement-node": 54,
                    "part": "4",
                    "template-line-number": 207,
                    "expression-node": 55,
                    "name": "GasPropertyAndCapacityLeasedFromOthers"
                },
                {
                    "node-pos": 98,
                    "replacement-node": 57,
                    "part": "5",
                    "template-line-number": 212,
                    "expression-node": 58,
                    "name": "GasPropertyAndCapacityLeasedFromOthers"
                }
            ],
            "name": "GasPropertyAndCapacityLeasedFromOthers"
        }
    }
}