{
    "substitutions": {
        "rule-11": [
            {
                "node-pos": 53,
                "replacement-node": 30,
                "part": null,
                "template-line-number": 91
            }
        ],
        "rule-2": [
            {
                "expression-node": 4,
                "node-pos": 13,
                "replacement-node": 3,
                "part": null,
                "template-line-number": 26
            }
        ],
        "rule-1": [
            {
                "node-pos": 9,
                "replacement-node": 0,
                "part": null,
                "template-line-number": 21
            }
        ],
        "rule-8": [
            {
                "node-pos": 39,
                "replacement-node": 21,
                "part": null,
                "template-line-number": 71
            }
        ],
        "rule-7": [
            {
                "expression-node": 19,
                "node-pos": 35,
                "replacement-node": 18,
                "part": null,
                "template-line-number": 66
            }
        ],
        "rule-17": {
            "name": "ISLineItems",
            "subs": [
                {
                    "node-pos": 94,
                    "replacement-node": 44,
                    "extras": {},
                    "name": "ISLineItems",
                    "part": "1",
                    "template-line-number": 235
                },
                {
                    "expression-node": 81,
                    "node-pos": 141,
                    "replacement-node": 80,
                    "name": "ISLineItems",
                    "part": "10",
                    "template-line-number": 318
                },
                {
                    "expression-node": 85,
                    "node-pos": 146,
                    "replacement-node": 84,
                    "name": "ISLineItems",
                    "part": "11",
                    "template-line-number": 327
                },
                {
                    "expression-node": 89,
                    "node-pos": 151,
                    "replacement-node": 88,
                    "name": "ISLineItems",
                    "part": "12",
                    "template-line-number": 336
                },
                {
                    "expression-node": 93,
                    "node-pos": 156,
                    "replacement-node": 92,
                    "name": "ISLineItems",
                    "part": "13",
                    "template-line-number": 345
                },
                {
                    "node-pos": 102,
                    "replacement-node": 49,
                    "extras": {},
                    "name": "ISLineItems",
                    "part": "2",
                    "template-line-number": 246
                },
                {
                    "node-pos": 107,
                    "replacement-node": 53,
                    "extras": {},
                    "name": "ISLineItems",
                    "part": "3",
                    "template-line-number": 253
                },
                {
                    "expression-node": 57,
                    "node-pos": 111,
                    "replacement-node": 56,
                    "name": "ISLineItems",
                    "part": "4",
                    "template-line-number": 263
                },
                {
                    "expression-node": 61,
                    "node-pos": 116,
                    "replacement-node": 60,
                    "name": "ISLineItems",
                    "part": "5",
                    "template-line-number": 272
                },
                {
                    "node-pos": 100,
                    "replacement-node": 47,
                    "extras": {},
                    "name": "ISLineItems",
                    "part": "6",
                    "template-line-number": 242
                },
                {
                    "expression-node": 65,
                    "node-pos": 121,
                    "replacement-node": 64,
                    "name": "ISLineItems",
                    "part": "6",
                    "template-line-number": 281
                },
                {
                    "expression-node": 69,
                    "node-pos": 126,
                    "replacement-node": 68,
                    "name": "ISLineItems",
                    "part": "7",
                    "template-line-number": 290
                },
                {
                    "expression-node": 73,
                    "node-pos": 131,
                    "replacement-node": 72,
                    "name": "ISLineItems",
                    "part": "8",
                    "template-line-number": 299
                },
                {
                    "expression-node": 77,
                    "node-pos": 136,
                    "replacement-node": 76,
                    "name": "ISLineItems",
                    "part": "9",
                    "template-line-number": 308
                }
            ]
        },
        "rule-14": [
            {
                "node-pos": 167,
                "replacement-node": 99,
                "part": null,
                "template-line-number": 364
            }
        ],
        "rule-5": [
            {
                "node-pos": 26,
                "html": true,
                "replacement-node": 12,
                "part": null,
                "template-line-number": 50
            }
        ],
        "rule-9": [
            {
                "expression-node": 25,
                "node-pos": 43,
                "replacement-node": 24,
                "part": null,
                "template-line-number": 76
            }
        ],
        "rule-16": {
            "name": "ISHeadings",
            "subs": [
                {
                    "node-pos": 84,
                    "replacement-node": 37,
                    "extras": {},
                    "name": "ISHeadings",
                    "part": "1",
                    "template-line-number": 149
                },
                {
                    "node-pos": 88,
                    "replacement-node": 40,
                    "extras": {},
                    "name": "ISHeadings",
                    "part": "2",
                    "template-line-number": 156
                }
            ]
        },
        "rule-6": [
            {
                "node-pos": 31,
                "replacement-node": 15,
                "part": null,
                "template-line-number": 61
            }
        ],
        "rule-12": [
            {
                "node-pos": 58,
                "html": true,
                "replacement-node": 33,
                "part": null,
                "template-line-number": 102
            }
        ],
        "rule-4": [
            {
                "node-pos": 21,
                "html": true,
                "replacement-node": 9,
                "part": null,
                "template-line-number": 38
            }
        ],
        "rule-3": [
            {
                "node-pos": 17,
                "replacement-node": 6,
                "part": null,
                "template-line-number": 32
            }
        ],
        "rule-10": [
            {
                "expression-node": 28,
                "node-pos": 47,
                "replacement-node": 27,
                "part": null,
                "template-line-number": 81
            }
        ],
        "rule-15": [
            {
                "node-pos": 171,
                "replacement-node": 102,
                "part": null,
                "template-line-number": 373
            }
        ],
        "rule-13": [
            {
                "expression-node": 97,
                "node-pos": 163,
                "replacement-node": 96,
                "part": null,
                "template-line-number": 359
            }
        ]
    },
    "showifs": {},
    "line-numbers": {}
}