{
    "showifs": {},
    "line-numbers": {},
    "substitutions": {
        "rule-11": [
            {
                "replacement-node": 30,
                "part": null,
                "node-pos": 53,
                "template-line-number": 92
            }
        ],
        "rule-1": [
            {
                "replacement-node": 0,
                "part": null,
                "node-pos": 9,
                "template-line-number": 22
            }
        ],
        "rule-15": [
            {
                "replacement-node": 66,
                "part": null,
                "node-pos": 116,
                "template-line-number": 234
            }
        ],
        "rule-17": {
            "name": "ListLineItems",
            "subs": [
                {
                    "template-line-number": 171,
                    "part": "1",
                    "node-pos": 76,
                    "replacement-node": 44,
                    "extras": {},
                    "name": "ListLineItems"
                },
                {
                    "template-line-number": 182,
                    "part": "2",
                    "node-pos": 84,
                    "replacement-node": 49,
                    "extras": {},
                    "name": "ListLineItems"
                },
                {
                    "template-line-number": 193,
                    "part": "3",
                    "node-pos": 90,
                    "replacement-node": 53,
                    "extras": {},
                    "name": "ListLineItems"
                },
                {
                    "template-line-number": 200,
                    "part": "4",
                    "node-pos": 94,
                    "replacement-node": 56,
                    "extras": {},
                    "name": "ListLineItems"
                },
                {
                    "template-line-number": 204,
                    "part": "5",
                    "node-pos": 97,
                    "replacement-node": 58,
                    "name": "ListLineItems",
                    "expression-node": 59
                },
                {
                    "template-line-number": 178,
                    "part": "6",
                    "node-pos": 82,
                    "replacement-node": 47,
                    "extras": {},
                    "name": "ListLineItems"
                }
            ]
        },
        "rule-7": [
            {
                "replacement-node": 18,
                "part": null,
                "node-pos": 35,
                "expression-node": 19,
                "template-line-number": 67
            }
        ],
        "rule-6": [
            {
                "replacement-node": 15,
                "part": null,
                "node-pos": 31,
                "template-line-number": 62
            }
        ],
        "rule-9": [
            {
                "replacement-node": 24,
                "part": null,
                "node-pos": 43,
                "expression-node": 25,
                "template-line-number": 77
            }
        ],
        "rule-2": [
            {
                "replacement-node": 3,
                "part": null,
                "node-pos": 13,
                "expression-node": 4,
                "template-line-number": 27
            }
        ],
        "rule-13": [
            {
                "replacement-node": 60,
                "part": null,
                "node-pos": 108,
                "expression-node": 61,
                "template-line-number": 220
            }
        ],
        "rule-16": {
            "name": "ListHeadings",
            "subs": [
                {
                    "template-line-number": 126,
                    "part": "1",
                    "node-pos": 66,
                    "replacement-node": 37,
                    "extras": {},
                    "name": "ListHeadings"
                },
                {
                    "template-line-number": 133,
                    "part": "2",
                    "node-pos": 70,
                    "replacement-node": 40,
                    "extras": {},
                    "name": "ListHeadings"
                }
            ]
        },
        "rule-4": [
            {
                "replacement-node": 9,
                "part": null,
                "html": true,
                "node-pos": 21,
                "template-line-number": 39
            }
        ],
        "rule-12": [
            {
                "replacement-node": 33,
                "part": null,
                "html": true,
                "node-pos": 58,
                "template-line-number": 103
            }
        ],
        "rule-14": [
            {
                "replacement-node": 63,
                "part": null,
                "node-pos": 112,
                "template-line-number": 225
            }
        ],
        "rule-3": [
            {
                "replacement-node": 6,
                "part": null,
                "node-pos": 17,
                "template-line-number": 33
            }
        ],
        "rule-10": [
            {
                "replacement-node": 27,
                "part": null,
                "node-pos": 47,
                "expression-node": 28,
                "template-line-number": 82
            }
        ],
        "rule-5": [
            {
                "replacement-node": 12,
                "part": null,
                "html": true,
                "node-pos": 26,
                "template-line-number": 51
            }
        ],
        "rule-8": [
            {
                "replacement-node": 21,
                "part": null,
                "node-pos": 39,
                "template-line-number": 72
            }
        ]
    }
}