{
    "substitutions": {
        "rule-1": [
            {
                "node-pos": 7,
                "replacement-node": 0,
                "template-line-number": 18,
                "html": true,
                "part": null
            }
        ],
        "rule-2": [
            {
                "node-pos": 111,
                "replacement-node": 3,
                "template-line-number": 270,
                "expression-node": 4,
                "part": null
            }
        ]
    },
    "line-numbers": {},
    "showifs": {}
}