{
    "substitutions": {
        "rule-20": {
            "name": "ColumnHeadings",
            "subs": [
                {
                    "template-line-number": 162,
                    "part": "1",
                    "node-pos": 79,
                    "name": "ColumnHeadings",
                    "extras": {},
                    "replacement-node": 37
                },
                {
                    "template-line-number": 169,
                    "part": "2",
                    "node-pos": 83,
                    "name": "ColumnHeadings",
                    "extras": {},
                    "replacement-node": 40
                }
            ]
        },
        "rule-5": [
            {
                "node-pos": 27,
                "html": true,
                "template-line-number": 59,
                "replacement-node": 12,
                "part": null
            }
        ],
        "rule-15": [
            {
                "node-pos": 128,
                "template-line-number": 321,
                "replacement-node": 70,
                "part": null,
                "expression-node": 71
            }
        ],
        "rule-7": [
            {
                "node-pos": 37,
                "template-line-number": 84,
                "replacement-node": 18,
                "part": null,
                "expression-node": 19
            }
        ],
        "rule-8": [
            {
                "node-pos": 41,
                "template-line-number": 91,
                "replacement-node": 21,
                "part": null
            }
        ],
        "rule-3": [
            {
                "node-pos": 18,
                "template-line-number": 34,
                "replacement-node": 6,
                "part": null
            }
        ],
        "rule-2": [
            {
                "node-pos": 14,
                "template-line-number": 27,
                "replacement-node": 3,
                "part": null,
                "expression-node": 4
            }
        ],
        "rule-11": [
            {
                "node-pos": 55,
                "template-line-number": 115,
                "replacement-node": 30,
                "part": null
            }
        ],
        "rule-14": [
            {
                "node-pos": 124,
                "template-line-number": 311,
                "replacement-node": 67,
                "part": null,
                "expression-node": 68
            }
        ],
        "rule-17": [
            {
                "node-pos": 137,
                "template-line-number": 344,
                "replacement-node": 76,
                "part": null,
                "expression-node": 77
            }
        ],
        "rule-13": [
            {
                "node-pos": 119,
                "template-line-number": 298,
                "replacement-node": 64,
                "part": null,
                "expression-node": 65
            }
        ],
        "rule-1": [
            {
                "node-pos": 10,
                "template-line-number": 20,
                "replacement-node": 0,
                "part": null
            }
        ],
        "rule-12": [
            {
                "node-pos": 60,
                "html": true,
                "template-line-number": 126,
                "replacement-node": 33,
                "part": null
            }
        ],
        "rule-21": {
            "name": "OtherRegulatoryLiabilities",
            "subs": [
                {
                    "template-line-number": 237,
                    "part": "2",
                    "node-pos": 92,
                    "name": "OtherRegulatoryLiabilities",
                    "extras": {},
                    "replacement-node": 46
                },
                {
                    "template-line-number": 247,
                    "part": "3",
                    "expression-node": 50,
                    "node-pos": 96,
                    "name": "OtherRegulatoryLiabilities",
                    "replacement-node": 49
                },
                {
                    "template-line-number": 255,
                    "part": "4",
                    "expression-node": 53,
                    "node-pos": 100,
                    "name": "OtherRegulatoryLiabilities",
                    "replacement-node": 52
                },
                {
                    "template-line-number": 265,
                    "part": "5",
                    "expression-node": 56,
                    "node-pos": 104,
                    "name": "OtherRegulatoryLiabilities",
                    "replacement-node": 55
                },
                {
                    "template-line-number": 274,
                    "part": "6",
                    "expression-node": 59,
                    "node-pos": 108,
                    "name": "OtherRegulatoryLiabilities",
                    "replacement-node": 58
                },
                {
                    "template-line-number": 283,
                    "part": "7",
                    "expression-node": 62,
                    "node-pos": 112,
                    "name": "OtherRegulatoryLiabilities",
                    "replacement-node": 61
                }
            ]
        },
        "rule-4": [
            {
                "node-pos": 22,
                "html": true,
                "template-line-number": 42,
                "replacement-node": 9,
                "part": null
            }
        ],
        "rule-18": [
            {
                "node-pos": 141,
                "template-line-number": 349,
                "replacement-node": 79,
                "part": null
            }
        ],
        "rule-16": [
            {
                "node-pos": 132,
                "template-line-number": 331,
                "replacement-node": 73,
                "part": null,
                "expression-node": 74
            }
        ],
        "rule-6": [
            {
                "node-pos": 32,
                "template-line-number": 77,
                "replacement-node": 15,
                "part": null
            }
        ],
        "rule-9": [
            {
                "node-pos": 45,
                "template-line-number": 98,
                "replacement-node": 24,
                "part": null,
                "expression-node": 25
            }
        ],
        "rule-10": [
            {
                "node-pos": 49,
                "template-line-number": 104,
                "replacement-node": 27,
                "part": null,
                "expression-node": 28
            }
        ],
        "rule-19": [
            {
                "node-pos": 145,
                "template-line-number": 358,
                "replacement-node": 82,
                "part": null
            }
        ]
    },
    "showifs": {},
    "line-numbers": {
        "OtherRegulatoryLiabilities": [
            {
                "template-line-number": 232,
                "line-number-node": 44,
                "start-number": 1
            }
        ]
    }
}