{
    "substitutions": {
        "rule-9": [
            {
                "part": null,
                "expression-node": 25,
                "node-pos": 44,
                "replacement-node": 24,
                "template-line-number": 100
            }
        ],
        "rule-3": [
            {
                "part": null,
                "node-pos": 18,
                "replacement-node": 6,
                "template-line-number": 36
            }
        ],
        "rule-13": [
            {
                "part": null,
                "expression-node": 64,
                "node-pos": 109,
                "replacement-node": 63,
                "template-line-number": 283
            }
        ],
        "rule-19": [
            {
                "part": null,
                "node-pos": 135,
                "replacement-node": 81,
                "template-line-number": 342
            }
        ],
        "rule-15": [
            {
                "part": null,
                "expression-node": 70,
                "node-pos": 117,
                "replacement-node": 69,
                "template-line-number": 303
            }
        ],
        "rule-18": [
            {
                "part": null,
                "node-pos": 131,
                "replacement-node": 78,
                "template-line-number": 333
            }
        ],
        "rule-1": [
            {
                "part": null,
                "node-pos": 10,
                "replacement-node": 0,
                "template-line-number": 22
            }
        ],
        "rule-20": {
            "name": "AnalysisBillingAssociateCompanies",
            "subs": [
                {
                    "node-pos": 86,
                    "expression-node": 49,
                    "part": "2",
                    "name": "AnalysisBillingAssociateCompanies",
                    "replacement-node": 48,
                    "template-line-number": 238
                },
                {
                    "node-pos": 90,
                    "expression-node": 52,
                    "part": "3",
                    "name": "AnalysisBillingAssociateCompanies",
                    "replacement-node": 51,
                    "template-line-number": 246
                },
                {
                    "node-pos": 94,
                    "expression-node": 55,
                    "part": "4",
                    "name": "AnalysisBillingAssociateCompanies",
                    "replacement-node": 54,
                    "template-line-number": 254
                },
                {
                    "node-pos": 98,
                    "expression-node": 58,
                    "part": "5",
                    "name": "AnalysisBillingAssociateCompanies",
                    "replacement-node": 57,
                    "template-line-number": 262
                },
                {
                    "node-pos": 102,
                    "expression-node": 61,
                    "part": "6",
                    "name": "AnalysisBillingAssociateCompanies",
                    "replacement-node": 60,
                    "template-line-number": 270
                }
            ]
        },
        "rule-14": [
            {
                "part": null,
                "expression-node": 67,
                "node-pos": 113,
                "replacement-node": 66,
                "template-line-number": 293
            }
        ],
        "rule-21": {
            "name": "ColumnHeadings",
            "subs": [
                {
                    "node-pos": 73,
                    "extras": {},
                    "part": "1",
                    "name": "ColumnHeadings",
                    "replacement-node": 39,
                    "template-line-number": 166
                },
                {
                    "node-pos": 77,
                    "extras": {},
                    "part": "2",
                    "name": "ColumnHeadings",
                    "replacement-node": 42,
                    "template-line-number": 174
                },
                {
                    "node-pos": 71,
                    "extras": {},
                    "part": "3",
                    "name": "ColumnHeadings",
                    "replacement-node": 37,
                    "template-line-number": 162
                }
            ]
        },
        "rule-10": [
            {
                "part": null,
                "expression-node": 28,
                "node-pos": 48,
                "replacement-node": 27,
                "template-line-number": 106
            }
        ],
        "rule-12": [
            {
                "part": null,
                "node-pos": 59,
                "replacement-node": 33,
                "html": true,
                "template-line-number": 129
            }
        ],
        "rule-16": [
            {
                "part": null,
                "expression-node": 73,
                "node-pos": 121,
                "replacement-node": 72,
                "template-line-number": 313
            }
        ],
        "rule-6": [
            {
                "part": null,
                "node-pos": 32,
                "replacement-node": 15,
                "template-line-number": 79
            }
        ],
        "rule-11": [
            {
                "part": null,
                "node-pos": 54,
                "replacement-node": 30,
                "template-line-number": 118
            }
        ],
        "rule-5": [
            {
                "part": null,
                "node-pos": 27,
                "replacement-node": 12,
                "html": true,
                "template-line-number": 61
            }
        ],
        "rule-2": [
            {
                "part": null,
                "expression-node": 4,
                "node-pos": 14,
                "replacement-node": 3,
                "template-line-number": 29
            }
        ],
        "rule-4": [
            {
                "part": null,
                "node-pos": 22,
                "replacement-node": 9,
                "html": true,
                "template-line-number": 44
            }
        ],
        "rule-17": [
            {
                "part": null,
                "expression-node": 76,
                "node-pos": 127,
                "replacement-node": 75,
                "template-line-number": 327
            }
        ],
        "rule-8": [
            {
                "part": null,
                "node-pos": 40,
                "replacement-node": 21,
                "template-line-number": 93
            }
        ],
        "rule-7": [
            {
                "part": null,
                "expression-node": 19,
                "node-pos": 36,
                "replacement-node": 18,
                "template-line-number": 86
            }
        ]
    },
    "line-numbers": {
        "AnalysisBillingAssociateCompanies": [
            {
                "start-number": 1,
                "line-number-node": 46,
                "template-line-number": 233
            }
        ]
    },
    "showifs": {}
}