{
    "showifs": {},
    "line-numbers": {},
    "substitutions": {
        "rule-4": [
            {
                "replacement-node": 9,
                "part": null,
                "template-line-number": 38,
                "node-pos": 21,
                "html": true
            }
        ],
        "rule-3": [
            {
                "replacement-node": 6,
                "part": null,
                "template-line-number": 32,
                "node-pos": 17
            }
        ],
        "rule-11": [
            {
                "replacement-node": 30,
                "part": null,
                "template-line-number": 91,
                "node-pos": 54
            }
        ],
        "rule-5": [
            {
                "replacement-node": 12,
                "part": null,
                "template-line-number": 50,
                "node-pos": 26,
                "html": true
            }
        ],
        "rule-16": {
            "name": "CFLineItems",
            "subs": [
                {
                    "name": "CFLineItems",
                    "part": "1",
                    "template-line-number": 325,
                    "extras": {},
                    "replacement-node": 44,
                    "node-pos": 83
                },
                {
                    "name": "CFLineItems",
                    "part": "2",
                    "template-line-number": 338,
                    "replacement-node": 49,
                    "expression-node": 50,
                    "node-pos": 91
                },
                {
                    "name": "CFLineItems",
                    "part": "4",
                    "template-line-number": 349,
                    "replacement-node": 54,
                    "expression-node": 55,
                    "node-pos": 97
                },
                {
                    "name": "CFLineItems",
                    "part": "4",
                    "template-line-number": 360,
                    "replacement-node": 58,
                    "expression-node": 59,
                    "node-pos": 102
                },
                {
                    "name": "CFLineItems",
                    "part": "5",
                    "template-line-number": 369,
                    "replacement-node": 62,
                    "expression-node": 63,
                    "node-pos": 107
                },
                {
                    "name": "CFLineItems",
                    "part": "6",
                    "template-line-number": 332,
                    "extras": {},
                    "replacement-node": 47,
                    "node-pos": 89
                }
            ]
        },
        "rule-6": [
            {
                "replacement-node": 15,
                "part": null,
                "template-line-number": 61,
                "node-pos": 31
            }
        ],
        "rule-1": [
            {
                "replacement-node": 0,
                "part": null,
                "template-line-number": 21,
                "node-pos": 9
            }
        ],
        "rule-2": [
            {
                "replacement-node": 3,
                "part": null,
                "expression-node": 4,
                "node-pos": 13,
                "template-line-number": 26
            }
        ],
        "rule-7": [
            {
                "replacement-node": 18,
                "part": null,
                "expression-node": 19,
                "node-pos": 35,
                "template-line-number": 66
            }
        ],
        "rule-15": [
            {
                "replacement-node": 72,
                "part": null,
                "template-line-number": 397,
                "node-pos": 122
            }
        ],
        "rule-13": [
            {
                "replacement-node": 66,
                "part": null,
                "expression-node": 67,
                "node-pos": 114,
                "template-line-number": 383
            }
        ],
        "rule-17": {
            "name": "ISHeadings",
            "subs": [
                {
                    "name": "ISHeadings",
                    "part": "1",
                    "template-line-number": 131,
                    "extras": {},
                    "replacement-node": 37,
                    "node-pos": 73
                },
                {
                    "name": "ISHeadings",
                    "part": "2",
                    "template-line-number": 138,
                    "extras": {},
                    "replacement-node": 40,
                    "node-pos": 77
                }
            ]
        },
        "rule-12": [
            {
                "replacement-node": 33,
                "part": null,
                "template-line-number": 102,
                "node-pos": 59,
                "html": true
            }
        ],
        "rule-10": [
            {
                "replacement-node": 27,
                "part": null,
                "expression-node": 28,
                "node-pos": 48,
                "template-line-number": 81
            }
        ],
        "rule-8": [
            {
                "replacement-node": 21,
                "part": null,
                "template-line-number": 71,
                "node-pos": 39
            }
        ],
        "rule-9": [
            {
                "replacement-node": 24,
                "part": null,
                "expression-node": 25,
                "node-pos": 44,
                "template-line-number": 76
            }
        ],
        "rule-14": [
            {
                "replacement-node": 69,
                "part": null,
                "template-line-number": 388,
                "node-pos": 118
            }
        ]
    }
}