{
    "showifs": {
        "rule-1": {
            "type": "showif",
            "template-line-number": 17
        }
    },
    "line-numbers": {
        "IsoOrRtoSettlements": [
            {
                "line-number-node": 57,
                "template-line-number": 314,
                "start-number": 3
            }
        ]
    },
    "substitutions": {
        "rule-20": [
            {
                "node-pos": 141,
                "template-line-number": 394,
                "replacement-node": 83,
                "part": null
            }
        ],
        "rule-22": {
            "subs": [
                {
                    "node-pos": 107,
                    "replacement-node": 59,
                    "part": "2",
                    "expression-node": 60,
                    "name": "IsoOrRtoSettlements",
                    "template-line-number": 321
                },
                {
                    "node-pos": 111,
                    "replacement-node": 62,
                    "part": "3",
                    "expression-node": 63,
                    "name": "IsoOrRtoSettlements",
                    "template-line-number": 330
                },
                {
                    "node-pos": 115,
                    "replacement-node": 65,
                    "part": "4",
                    "expression-node": 66,
                    "name": "IsoOrRtoSettlements",
                    "template-line-number": 339
                },
                {
                    "node-pos": 119,
                    "replacement-node": 68,
                    "part": "5",
                    "expression-node": 69,
                    "name": "IsoOrRtoSettlements",
                    "template-line-number": 347
                },
                {
                    "node-pos": 123,
                    "replacement-node": 71,
                    "part": "6",
                    "expression-node": 72,
                    "name": "IsoOrRtoSettlements",
                    "template-line-number": 355
                },
                {
                    "node-pos": 127,
                    "replacement-node": 74,
                    "part": "7",
                    "expression-node": 75,
                    "name": "IsoOrRtoSettlements",
                    "template-line-number": 363
                }
            ],
            "name": "IsoOrRtoSettlements"
        },
        "rule-16": [
            {
                "node-pos": 86,
                "expression-node": 51,
                "replacement-node": 50,
                "part": null,
                "template-line-number": 225
            }
        ],
        "rule-17": [
            {
                "node-pos": 90,
                "expression-node": 54,
                "replacement-node": 53,
                "part": null,
                "template-line-number": 235
            }
        ],
        "rule-5": [
            {
                "node-pos": 23,
                "template-line-number": 49,
                "replacement-node": 10,
                "part": null,
                "html": true
            }
        ],
        "rule-15": [
            {
                "node-pos": 82,
                "expression-node": 48,
                "replacement-node": 47,
                "part": null,
                "template-line-number": 215
            }
        ],
        "rule-13": [
            {
                "node-pos": 74,
                "expression-node": 42,
                "replacement-node": 41,
                "part": null,
                "template-line-number": 195
            }
        ],
        "rule-2": [
            {
                "node-pos": 11,
                "template-line-number": 27,
                "replacement-node": 1,
                "part": null
            }
        ],
        "rule-19": [
            {
                "node-pos": 137,
                "template-line-number": 384,
                "replacement-node": 80,
                "part": null
            }
        ],
        "rule-10": [
            {
                "node-pos": 45,
                "expression-node": 26,
                "replacement-node": 25,
                "part": null,
                "template-line-number": 104
            }
        ],
        "rule-21": {
            "subs": [
                {
                    "node-pos": 63,
                    "replacement-node": 35,
                    "part": "1",
                    "template-line-number": 145,
                    "name": "ISHeadings",
                    "extras": {}
                },
                {
                    "node-pos": 67,
                    "replacement-node": 38,
                    "part": "2",
                    "template-line-number": 152,
                    "name": "ISHeadings",
                    "extras": {}
                }
            ],
            "name": "ISHeadings"
        },
        "rule-8": [
            {
                "node-pos": 37,
                "expression-node": 20,
                "replacement-node": 19,
                "part": null,
                "template-line-number": 90
            }
        ],
        "rule-14": [
            {
                "node-pos": 78,
                "expression-node": 45,
                "replacement-node": 44,
                "part": null,
                "template-line-number": 205
            }
        ],
        "rule-11": [
            {
                "node-pos": 49,
                "expression-node": 29,
                "replacement-node": 28,
                "part": null,
                "template-line-number": 110
            }
        ],
        "rule-3": [
            {
                "node-pos": 15,
                "expression-node": 5,
                "replacement-node": 4,
                "part": null,
                "template-line-number": 34
            }
        ],
        "rule-6": [
            {
                "node-pos": 28,
                "template-line-number": 65,
                "replacement-node": 13,
                "part": null,
                "html": true
            }
        ],
        "rule-9": [
            {
                "node-pos": 41,
                "template-line-number": 97,
                "replacement-node": 22,
                "part": null
            }
        ],
        "rule-12": [
            {
                "node-pos": 55,
                "template-line-number": 121,
                "replacement-node": 31,
                "part": null
            }
        ],
        "rule-7": [
            {
                "node-pos": 33,
                "template-line-number": 83,
                "replacement-node": 16,
                "part": null
            }
        ],
        "rule-18": [
            {
                "node-pos": 133,
                "expression-node": 78,
                "replacement-node": 77,
                "part": null,
                "template-line-number": 379
            }
        ],
        "rule-4": [
            {
                "node-pos": 19,
                "template-line-number": 41,
                "replacement-node": 7,
                "part": null
            }
        ]
    }
}