{
    "showifs": {},
    "line-numbers": {
        "ResearchDevelopmentOrDemonstrationExpenditures": [
            {
                "start-number": 3,
                "line-number-node": 55,
                "template-line-number": 250
            }
        ]
    },
    "substitutions": {
        "rule-18": [
            {
                "replacement-node": 70,
                "part": null,
                "node-pos": 132,
                "expression-node": 71,
                "template-line-number": 306
            }
        ],
        "rule-4": [
            {
                "replacement-node": 9,
                "part": null,
                "html": true,
                "node-pos": 22,
                "template-line-number": 40
            }
        ],
        "rule-15": [
            {
                "replacement-node": 51,
                "part": null,
                "node-pos": 97,
                "template-line-number": 195
            }
        ],
        "rule-9": [
            {
                "replacement-node": 24,
                "part": null,
                "node-pos": 44,
                "expression-node": 25,
                "template-line-number": 78
            }
        ],
        "rule-16": [
            {
                "replacement-node": 64,
                "part": null,
                "node-pos": 120,
                "template-line-number": 278
            }
        ],
        "rule-11": [
            {
                "replacement-node": 30,
                "part": null,
                "node-pos": 54,
                "template-line-number": 93
            }
        ],
        "rule-7": [
            {
                "replacement-node": 18,
                "part": null,
                "node-pos": 36,
                "expression-node": 19,
                "template-line-number": 68
            }
        ],
        "rule-21": {
            "name": "ColumnHeading",
            "subs": [
                {
                    "name": "ColumnHeading",
                    "extras": {},
                    "replacement-node": 39,
                    "part": "1",
                    "node-pos": 73,
                    "template-line-number": 141
                },
                {
                    "name": "ColumnHeading",
                    "extras": {},
                    "replacement-node": 42,
                    "part": "2",
                    "node-pos": 77,
                    "template-line-number": 150
                },
                {
                    "name": "ColumnHeading",
                    "extras": {},
                    "replacement-node": 37,
                    "part": "3",
                    "node-pos": 71,
                    "template-line-number": 137
                }
            ]
        },
        "rule-12": [
            {
                "replacement-node": 33,
                "part": null,
                "html": true,
                "node-pos": 59,
                "template-line-number": 104
            }
        ],
        "rule-17": [
            {
                "replacement-node": 67,
                "part": null,
                "node-pos": 126,
                "expression-node": 68,
                "template-line-number": 293
            }
        ],
        "rule-6": [
            {
                "replacement-node": 15,
                "part": null,
                "node-pos": 32,
                "template-line-number": 63
            }
        ],
        "rule-19": [
            {
                "replacement-node": 73,
                "part": null,
                "node-pos": 136,
                "template-line-number": 312
            }
        ],
        "rule-5": [
            {
                "replacement-node": 12,
                "part": null,
                "html": true,
                "node-pos": 27,
                "template-line-number": 52
            }
        ],
        "rule-1": [
            {
                "replacement-node": 0,
                "part": null,
                "node-pos": 10,
                "template-line-number": 23
            }
        ],
        "rule-13": [
            {
                "replacement-node": 45,
                "part": null,
                "node-pos": 83,
                "template-line-number": 161
            }
        ],
        "rule-3": [
            {
                "replacement-node": 6,
                "part": null,
                "node-pos": 18,
                "template-line-number": 34
            }
        ],
        "rule-14": [
            {
                "replacement-node": 48,
                "part": null,
                "node-pos": 88,
                "template-line-number": 174
            }
        ],
        "rule-10": [
            {
                "replacement-node": 27,
                "part": null,
                "node-pos": 48,
                "expression-node": 28,
                "template-line-number": 83
            }
        ],
        "rule-22": {
            "name": "ResearchDevelopmentOrDemonstrationExpenditures",
            "subs": [
                {
                    "name": "ResearchDevelopmentOrDemonstrationExpenditures",
                    "expression-node": 59,
                    "replacement-node": 58,
                    "part": "2",
                    "node-pos": 110,
                    "template-line-number": 258
                },
                {
                    "name": "ResearchDevelopmentOrDemonstrationExpenditures",
                    "expression-node": 62,
                    "replacement-node": 61,
                    "part": "3",
                    "node-pos": 114,
                    "template-line-number": 266
                }
            ]
        },
        "rule-20": [
            {
                "replacement-node": 76,
                "part": null,
                "node-pos": 140,
                "template-line-number": 321
            }
        ],
        "rule-8": [
            {
                "replacement-node": 21,
                "part": null,
                "node-pos": 40,
                "template-line-number": 73
            }
        ],
        "rule-2": [
            {
                "replacement-node": 3,
                "part": null,
                "node-pos": 14,
                "expression-node": 4,
                "template-line-number": 28
            }
        ]
    }
}