{
    "substitutions": {
        "rule-20": [
            {
                "node-pos": 184,
                "part": null,
                "template-line-number": 380,
                "replacement-node": 94
            }
        ],
        "rule-22": [
            {
                "node-pos": 205,
                "part": null,
                "template-line-number": 419,
                "replacement-node": 100
            }
        ],
        "rule-8": [
            {
                "node-pos": 40,
                "part": null,
                "template-line-number": 72,
                "replacement-node": 21
            }
        ],
        "rule-27": [
            {
                "node-pos": 287,
                "template-line-number": 613,
                "part": null,
                "expression-node": 146,
                "replacement-node": 145
            }
        ],
        "rule-1": [
            {
                "node-pos": 10,
                "part": null,
                "template-line-number": 22,
                "replacement-node": 0
            }
        ],
        "rule-7": [
            {
                "node-pos": 36,
                "template-line-number": 67,
                "part": null,
                "expression-node": 19,
                "replacement-node": 18
            }
        ],
        "rule-16": [
            {
                "node-pos": 160,
                "part": null,
                "template-line-number": 330,
                "replacement-node": 82
            }
        ],
        "rule-25": [
            {
                "node-pos": 277,
                "template-line-number": 589,
                "part": null,
                "expression-node": 140,
                "replacement-node": 139
            }
        ],
        "rule-10": [
            {
                "node-pos": 48,
                "template-line-number": 82,
                "part": null,
                "expression-node": 28,
                "replacement-node": 27
            }
        ],
        "rule-2": [
            {
                "node-pos": 14,
                "template-line-number": 27,
                "part": null,
                "expression-node": 4,
                "replacement-node": 3
            }
        ],
        "rule-4": [
            {
                "html": true,
                "node-pos": 22,
                "part": null,
                "template-line-number": 39,
                "replacement-node": 9
            }
        ],
        "rule-28": [
            {
                "node-pos": 291,
                "part": null,
                "template-line-number": 619,
                "replacement-node": 148
            }
        ],
        "rule-23": [
            {
                "node-pos": 263,
                "part": null,
                "template-line-number": 563,
                "replacement-node": 133
            }
        ],
        "rule-13": [
            {
                "node-pos": 81,
                "part": null,
                "template-line-number": 150,
                "replacement-node": 43
            }
        ],
        "rule-19": [
            {
                "node-pos": 178,
                "template-line-number": 367,
                "part": null,
                "expression-node": 92,
                "replacement-node": 91
            }
        ],
        "rule-17": [
            {
                "node-pos": 170,
                "template-line-number": 349,
                "part": null,
                "expression-node": 86,
                "replacement-node": 85
            }
        ],
        "rule-21": [
            {
                "node-pos": 189,
                "part": null,
                "template-line-number": 392,
                "replacement-node": 97
            }
        ],
        "rule-26": [
            {
                "node-pos": 281,
                "template-line-number": 598,
                "part": null,
                "expression-node": 143,
                "replacement-node": 142
            }
        ],
        "rule-24": [
            {
                "node-pos": 273,
                "template-line-number": 580,
                "part": null,
                "expression-node": 137,
                "replacement-node": 136
            }
        ],
        "rule-30": {
            "name": "Transactions",
            "subs": [
                {
                    "name": "Transactions",
                    "node-pos": 149,
                    "part": "10",
                    "expression-node": 77,
                    "template-line-number": 313,
                    "replacement-node": 76
                },
                {
                    "name": "Transactions",
                    "node-pos": 153,
                    "part": "11",
                    "expression-node": 80,
                    "template-line-number": 318,
                    "replacement-node": 79
                },
                {
                    "name": "Transactions",
                    "node-pos": 121,
                    "part": "3",
                    "expression-node": 56,
                    "template-line-number": 278,
                    "replacement-node": 55
                },
                {
                    "name": "Transactions",
                    "node-pos": 125,
                    "part": "4",
                    "expression-node": 59,
                    "template-line-number": 283,
                    "replacement-node": 58
                },
                {
                    "name": "Transactions",
                    "node-pos": 129,
                    "part": "5",
                    "expression-node": 62,
                    "template-line-number": 288,
                    "replacement-node": 61
                },
                {
                    "name": "Transactions",
                    "node-pos": 133,
                    "part": "6",
                    "expression-node": 65,
                    "template-line-number": 293,
                    "replacement-node": 64
                },
                {
                    "name": "Transactions",
                    "node-pos": 137,
                    "part": "7",
                    "expression-node": 68,
                    "template-line-number": 298,
                    "replacement-node": 67
                },
                {
                    "name": "Transactions",
                    "node-pos": 141,
                    "part": "8",
                    "expression-node": 71,
                    "template-line-number": 303,
                    "replacement-node": 70
                },
                {
                    "name": "Transactions",
                    "node-pos": 145,
                    "part": "9",
                    "expression-node": 74,
                    "template-line-number": 308,
                    "replacement-node": 73
                }
            ]
        },
        "rule-29": [
            {
                "node-pos": 295,
                "part": null,
                "template-line-number": 628,
                "replacement-node": 151
            }
        ],
        "rule-3": [
            {
                "node-pos": 18,
                "part": null,
                "template-line-number": 33,
                "replacement-node": 6
            }
        ],
        "rule-32": {
            "name": "Transactions2",
            "subs": [
                {
                    "name": "Transactions2",
                    "node-pos": 256,
                    "part": "10",
                    "expression-node": 131,
                    "template-line-number": 551,
                    "replacement-node": 130
                },
                {
                    "name": "Transactions2",
                    "node-pos": 224,
                    "part": "2",
                    "expression-node": 107,
                    "template-line-number": 511,
                    "replacement-node": 106
                },
                {
                    "name": "Transactions2",
                    "node-pos": 228,
                    "part": "3",
                    "expression-node": 110,
                    "template-line-number": 516,
                    "replacement-node": 109
                },
                {
                    "name": "Transactions2",
                    "node-pos": 232,
                    "part": "4",
                    "expression-node": 113,
                    "template-line-number": 521,
                    "replacement-node": 112
                },
                {
                    "name": "Transactions2",
                    "node-pos": 236,
                    "part": "5",
                    "expression-node": 116,
                    "template-line-number": 526,
                    "replacement-node": 115
                },
                {
                    "name": "Transactions2",
                    "node-pos": 240,
                    "part": "6",
                    "expression-node": 119,
                    "template-line-number": 531,
                    "replacement-node": 118
                },
                {
                    "name": "Transactions2",
                    "node-pos": 244,
                    "part": "7",
                    "expression-node": 122,
                    "template-line-number": 536,
                    "replacement-node": 121
                },
                {
                    "name": "Transactions2",
                    "node-pos": 248,
                    "part": "8",
                    "expression-node": 125,
                    "template-line-number": 541,
                    "replacement-node": 124
                },
                {
                    "name": "Transactions2",
                    "node-pos": 252,
                    "part": "9",
                    "expression-node": 128,
                    "template-line-number": 546,
                    "replacement-node": 127
                }
            ]
        },
        "rule-6": [
            {
                "node-pos": 32,
                "part": null,
                "template-line-number": 62,
                "replacement-node": 15
            }
        ],
        "rule-14": [
            {
                "node-pos": 86,
                "part": null,
                "template-line-number": 162,
                "replacement-node": 46
            }
        ],
        "rule-9": [
            {
                "node-pos": 44,
                "template-line-number": 77,
                "part": null,
                "expression-node": 25,
                "replacement-node": 24
            }
        ],
        "rule-18": [
            {
                "node-pos": 174,
                "template-line-number": 358,
                "part": null,
                "expression-node": 89,
                "replacement-node": 88
            }
        ],
        "rule-12": [
            {
                "html": true,
                "node-pos": 59,
                "part": null,
                "template-line-number": 104,
                "replacement-node": 33
            }
        ],
        "rule-15": [
            {
                "node-pos": 102,
                "part": null,
                "template-line-number": 187,
                "replacement-node": 49
            }
        ],
        "rule-5": [
            {
                "html": true,
                "node-pos": 27,
                "part": null,
                "template-line-number": 51,
                "replacement-node": 12
            }
        ],
        "rule-11": [
            {
                "node-pos": 54,
                "part": null,
                "template-line-number": 93,
                "replacement-node": 30
            }
        ],
        "rule-31": {
            "name": "ColumnHeadings",
            "subs": [
                {
                    "name": "ColumnHeadings",
                    "node-pos": 71,
                    "part": "1",
                    "replacement-node": 37,
                    "template-line-number": 131,
                    "extras": {}
                },
                {
                    "name": "ColumnHeadings",
                    "node-pos": 75,
                    "part": "2",
                    "replacement-node": 40,
                    "template-line-number": 138,
                    "extras": {}
                }
            ]
        }
    },
    "showifs": {},
    "line-numbers": {
        "Transactions": [
            {
                "start-number": 3,
                "template-line-number": 273,
                "line-number-node": 53
            }
        ],
        "Transactions2": [
            {
                "start-number": 16,
                "template-line-number": 506,
                "line-number-node": 104
            }
        ]
    }
}