{
    "substitutions": {
        "rule-1": [
            {
                "node-pos": 9,
                "template-line-number": 21,
                "part": null,
                "replacement-node": 0
            }
        ],
        "rule-9": [
            {
                "node-pos": 43,
                "template-line-number": 76,
                "expression-node": 25,
                "part": null,
                "replacement-node": 24
            }
        ],
        "rule-16": {
            "subs": [
                {
                    "node-pos": 91,
                    "extras": {},
                    "template-line-number": 213,
                    "name": "GasOperatingRevenuesLineItems",
                    "part": "1",
                    "replacement-node": 49
                },
                {
                    "node-pos": 118,
                    "part": "10",
                    "template-line-number": 285,
                    "name": "GasOperatingRevenuesLineItems",
                    "expression-node": 68,
                    "replacement-node": 67
                },
                {
                    "node-pos": 122,
                    "part": "11",
                    "template-line-number": 293,
                    "name": "GasOperatingRevenuesLineItems",
                    "expression-node": 71,
                    "replacement-node": 70
                },
                {
                    "node-pos": 94,
                    "part": "2",
                    "template-line-number": 221,
                    "name": "GasOperatingRevenuesLineItems",
                    "expression-node": 52,
                    "replacement-node": 51
                },
                {
                    "node-pos": 97,
                    "part": "3",
                    "template-line-number": 229,
                    "name": "GasOperatingRevenuesLineItems",
                    "expression-node": 54,
                    "replacement-node": 53
                },
                {
                    "node-pos": 100,
                    "part": "4",
                    "template-line-number": 237,
                    "name": "GasOperatingRevenuesLineItems",
                    "expression-node": 56,
                    "replacement-node": 55
                },
                {
                    "node-pos": 103,
                    "part": "5",
                    "template-line-number": 245,
                    "name": "GasOperatingRevenuesLineItems",
                    "expression-node": 58,
                    "replacement-node": 57
                },
                {
                    "node-pos": 89,
                    "extras": {},
                    "template-line-number": 208,
                    "name": "GasOperatingRevenuesLineItems",
                    "part": "6",
                    "replacement-node": 47
                },
                {
                    "node-pos": 106,
                    "part": "6",
                    "template-line-number": 253,
                    "name": "GasOperatingRevenuesLineItems",
                    "expression-node": 60,
                    "replacement-node": 59
                },
                {
                    "node-pos": 109,
                    "part": "7",
                    "template-line-number": 261,
                    "name": "GasOperatingRevenuesLineItems",
                    "expression-node": 62,
                    "replacement-node": 61
                },
                {
                    "node-pos": 112,
                    "part": "8",
                    "template-line-number": 269,
                    "name": "GasOperatingRevenuesLineItems",
                    "expression-node": 64,
                    "replacement-node": 63
                },
                {
                    "node-pos": 115,
                    "part": "9",
                    "template-line-number": 277,
                    "name": "GasOperatingRevenuesLineItems",
                    "expression-node": 66,
                    "replacement-node": 65
                }
            ],
            "name": "GasOperatingRevenuesLineItems"
        },
        "rule-10": [
            {
                "node-pos": 47,
                "template-line-number": 81,
                "expression-node": 28,
                "part": null,
                "replacement-node": 27
            }
        ],
        "rule-7": [
            {
                "node-pos": 35,
                "template-line-number": 66,
                "expression-node": 19,
                "part": null,
                "replacement-node": 18
            }
        ],
        "rule-3": [
            {
                "node-pos": 17,
                "template-line-number": 32,
                "part": null,
                "replacement-node": 6
            }
        ],
        "rule-5": [
            {
                "node-pos": 26,
                "template-line-number": 50,
                "html": true,
                "part": null,
                "replacement-node": 12
            }
        ],
        "rule-6": [
            {
                "node-pos": 31,
                "template-line-number": 61,
                "part": null,
                "replacement-node": 15
            }
        ],
        "rule-8": [
            {
                "node-pos": 39,
                "template-line-number": 71,
                "part": null,
                "replacement-node": 21
            }
        ],
        "rule-11": [
            {
                "node-pos": 53,
                "template-line-number": 91,
                "part": null,
                "replacement-node": 30
            }
        ],
        "rule-12": [
            {
                "node-pos": 58,
                "template-line-number": 102,
                "html": true,
                "part": null,
                "replacement-node": 33
            }
        ],
        "rule-14": [
            {
                "node-pos": 132,
                "template-line-number": 310,
                "part": null,
                "replacement-node": 76
            }
        ],
        "rule-13": [
            {
                "node-pos": 128,
                "template-line-number": 305,
                "expression-node": 74,
                "part": null,
                "replacement-node": 73
            }
        ],
        "rule-17": {
            "subs": [
                {
                    "node-pos": 73,
                    "extras": {},
                    "template-line-number": 132,
                    "name": "GasOperatingRevenuesHeadings",
                    "part": "1",
                    "replacement-node": 37
                },
                {
                    "node-pos": 77,
                    "extras": {},
                    "template-line-number": 139,
                    "name": "GasOperatingRevenuesHeadings",
                    "part": "2",
                    "replacement-node": 40
                }
            ],
            "name": "GasOperatingRevenuesHeadings"
        },
        "rule-2": [
            {
                "node-pos": 13,
                "template-line-number": 26,
                "expression-node": 4,
                "part": null,
                "replacement-node": 3
            }
        ],
        "rule-4": [
            {
                "node-pos": 21,
                "template-line-number": 38,
                "html": true,
                "part": null,
                "replacement-node": 9
            }
        ],
        "rule-15": [
            {
                "node-pos": 136,
                "template-line-number": 319,
                "part": null,
                "replacement-node": 79
            }
        ]
    },
    "line-numbers": {
        "GasOperatingRevenuesLineItems": [
            {
                "start-number": 1,
                "template-line-number": 197,
                "line-number-node": 44
            }
        ]
    },
    "showifs": {}
}