{
    "showifs": {},
    "line-numbers": {
        "VotingPowers": [
            {
                "line-number-node": 124,
                "template-line-number": 497,
                "start-number": 8
            }
        ]
    },
    "substitutions": {
        "rule-27": [
            {
                "part": null,
                "template-line-number": 302,
                "replacement-node": 78,
                "node-pos": 150
            }
        ],
        "rule-34": [
            {
                "part": null,
                "node-pos": 180,
                "expression-node": 100,
                "replacement-node": 99,
                "template-line-number": 371
            }
        ],
        "rule-28": [
            {
                "part": null,
                "node-pos": 154,
                "expression-node": 82,
                "replacement-node": 81,
                "template-line-number": 311
            }
        ],
        "rule-22": [
            {
                "part": null,
                "node-pos": 119,
                "expression-node": 64,
                "replacement-node": 63,
                "template-line-number": 231
            }
        ],
        "rule-37": [
            {
                "part": null,
                "template-line-number": 403,
                "replacement-node": 108,
                "node-pos": 194
            }
        ],
        "rule-2": [
            {
                "part": null,
                "node-pos": 13,
                "expression-node": 4,
                "replacement-node": 3,
                "template-line-number": 25
            }
        ],
        "rule-33": [
            {
                "part": null,
                "node-pos": 176,
                "expression-node": 97,
                "replacement-node": 96,
                "template-line-number": 362
            }
        ],
        "rule-26": [
            {
                "part": null,
                "template-line-number": 285,
                "replacement-node": 75,
                "node-pos": 142
            }
        ],
        "rule-40": [
            {
                "part": null,
                "node-pos": 206,
                "expression-node": 118,
                "replacement-node": 117,
                "template-line-number": 431
            }
        ],
        "rule-23": [
            {
                "part": null,
                "template-line-number": 245,
                "replacement-node": 66,
                "node-pos": 124
            }
        ],
        "rule-1": [
            {
                "part": null,
                "template-line-number": 20,
                "replacement-node": 0,
                "node-pos": 9
            }
        ],
        "rule-10": [
            {
                "part": null,
                "node-pos": 49,
                "expression-node": 28,
                "replacement-node": 27,
                "template-line-number": 80
            }
        ],
        "rule-16": [
            {
                "part": null,
                "node-pos": 85,
                "expression-node": 46,
                "replacement-node": 45,
                "template-line-number": 163
            }
        ],
        "rule-14": [
            {
                "part": null,
                "node-pos": 75,
                "expression-node": 40,
                "replacement-node": 39,
                "template-line-number": 142
            }
        ],
        "rule-32": [
            {
                "part": null,
                "template-line-number": 352,
                "replacement-node": 93,
                "node-pos": 172
            }
        ],
        "rule-44": [
            {
                "part": null,
                "template-line-number": 545,
                "replacement-node": 148,
                "node-pos": 250
            }
        ],
        "rule-4": [
            {
                "html": true,
                "part": null,
                "template-line-number": 37,
                "replacement-node": 9,
                "node-pos": 21
            }
        ],
        "rule-3": [
            {
                "part": null,
                "template-line-number": 31,
                "replacement-node": 6,
                "node-pos": 17
            }
        ],
        "rule-12": [
            {
                "html": true,
                "part": null,
                "template-line-number": 101,
                "replacement-node": 33,
                "node-pos": 60
            }
        ],
        "rule-29": [
            {
                "part": null,
                "node-pos": 158,
                "expression-node": 85,
                "replacement-node": 84,
                "template-line-number": 320
            }
        ],
        "rule-31": [
            {
                "part": null,
                "node-pos": 166,
                "expression-node": 91,
                "replacement-node": 90,
                "template-line-number": 338
            }
        ],
        "rule-25": [
            {
                "part": null,
                "template-line-number": 272,
                "replacement-node": 72,
                "node-pos": 136
            }
        ],
        "rule-43": [
            {
                "part": null,
                "template-line-number": 536,
                "replacement-node": 145,
                "node-pos": 246
            }
        ],
        "rule-19": [
            {
                "part": null,
                "node-pos": 98,
                "expression-node": 55,
                "replacement-node": 54,
                "template-line-number": 191
            }
        ],
        "rule-20": [
            {
                "part": null,
                "template-line-number": 203,
                "replacement-node": 57,
                "node-pos": 104
            }
        ],
        "rule-38": [
            {
                "part": null,
                "node-pos": 198,
                "expression-node": 112,
                "replacement-node": 111,
                "template-line-number": 413
            }
        ],
        "rule-13": [
            {
                "part": null,
                "template-line-number": 131,
                "replacement-node": 36,
                "node-pos": 70
            }
        ],
        "rule-5": [
            {
                "html": true,
                "part": null,
                "template-line-number": 49,
                "replacement-node": 12,
                "node-pos": 26
            }
        ],
        "rule-15": [
            {
                "part": null,
                "template-line-number": 151,
                "replacement-node": 42,
                "node-pos": 79
            }
        ],
        "rule-42": [
            {
                "part": null,
                "node-pos": 242,
                "expression-node": 143,
                "replacement-node": 142,
                "template-line-number": 531
            }
        ],
        "rule-24": [
            {
                "part": null,
                "template-line-number": 259,
                "replacement-node": 69,
                "node-pos": 130
            }
        ],
        "rule-36": [
            {
                "part": null,
                "node-pos": 188,
                "expression-node": 106,
                "replacement-node": 105,
                "template-line-number": 389
            }
        ],
        "rule-45": {
            "name": "VotingPowers",
            "subs": [
                {
                    "part": "2",
                    "template-line-number": 500,
                    "node-pos": 220,
                    "name": "VotingPowers",
                    "expression-node": 128,
                    "replacement-node": 127
                },
                {
                    "part": "3",
                    "template-line-number": 505,
                    "node-pos": 224,
                    "name": "VotingPowers",
                    "expression-node": 131,
                    "replacement-node": 130
                },
                {
                    "part": "4",
                    "template-line-number": 510,
                    "node-pos": 228,
                    "name": "VotingPowers",
                    "expression-node": 134,
                    "replacement-node": 133
                },
                {
                    "part": "5",
                    "template-line-number": 515,
                    "node-pos": 232,
                    "name": "VotingPowers",
                    "expression-node": 137,
                    "replacement-node": 136
                },
                {
                    "part": "6",
                    "template-line-number": 520,
                    "node-pos": 236,
                    "name": "VotingPowers",
                    "expression-node": 140,
                    "replacement-node": 139
                }
            ]
        },
        "rule-39": [
            {
                "part": null,
                "node-pos": 202,
                "expression-node": 115,
                "replacement-node": 114,
                "template-line-number": 422
            }
        ],
        "rule-41": [
            {
                "part": null,
                "node-pos": 210,
                "expression-node": 121,
                "replacement-node": 120,
                "template-line-number": 440
            }
        ],
        "rule-7": [
            {
                "part": null,
                "node-pos": 36,
                "expression-node": 19,
                "replacement-node": 18,
                "template-line-number": 65
            }
        ],
        "rule-11": [
            {
                "part": null,
                "template-line-number": 90,
                "replacement-node": 30,
                "node-pos": 55
            }
        ],
        "rule-35": [
            {
                "part": null,
                "node-pos": 184,
                "expression-node": 103,
                "replacement-node": 102,
                "template-line-number": 380
            }
        ],
        "rule-18": [
            {
                "part": null,
                "template-line-number": 180,
                "replacement-node": 51,
                "node-pos": 93
            }
        ],
        "rule-9": [
            {
                "part": null,
                "node-pos": 45,
                "expression-node": 25,
                "replacement-node": 24,
                "template-line-number": 75
            }
        ],
        "rule-30": [
            {
                "part": null,
                "node-pos": 162,
                "expression-node": 88,
                "replacement-node": 87,
                "template-line-number": 329
            }
        ],
        "rule-17": [
            {
                "part": null,
                "node-pos": 89,
                "expression-node": 49,
                "replacement-node": 48,
                "template-line-number": 171
            }
        ],
        "rule-8": [
            {
                "part": null,
                "template-line-number": 70,
                "replacement-node": 21,
                "node-pos": 40
            }
        ],
        "rule-6": [
            {
                "part": null,
                "template-line-number": 60,
                "replacement-node": 15,
                "node-pos": 31
            }
        ],
        "rule-21": [
            {
                "part": null,
                "template-line-number": 220,
                "replacement-node": 60,
                "node-pos": 114
            }
        ]
    }
}