{
    "substitutions": {
        "rule-41": [
            {
                "node-pos": 386,
                "expression-node": 231,
                "part": null,
                "replacement-node": 230,
                "template-line-number": 921
            }
        ],
        "rule-19": [
            {
                "node-pos": 183,
                "expression-node": 103,
                "part": null,
                "replacement-node": 102,
                "template-line-number": 409
            }
        ],
        "rule-47": {
            "subs": [
                {
                    "node-pos": 154,
                    "template-line-number": 360,
                    "expression-node": 85,
                    "part": "2",
                    "name": "SectionASequence1",
                    "replacement-node": 84
                },
                {
                    "node-pos": 158,
                    "template-line-number": 365,
                    "expression-node": 88,
                    "part": "3",
                    "name": "SectionASequence1",
                    "replacement-node": 87
                },
                {
                    "node-pos": 162,
                    "template-line-number": 370,
                    "expression-node": 91,
                    "part": "4",
                    "name": "SectionASequence1",
                    "replacement-node": 90
                },
                {
                    "node-pos": 166,
                    "template-line-number": 375,
                    "expression-node": 94,
                    "part": "5",
                    "name": "SectionASequence1",
                    "replacement-node": 93
                },
                {
                    "node-pos": 170,
                    "template-line-number": 380,
                    "expression-node": 97,
                    "part": "6",
                    "name": "SectionASequence1",
                    "replacement-node": 96
                }
            ],
            "name": "SectionASequence1"
        },
        "rule-25": [
            {
                "node-pos": 248,
                "expression-node": 143,
                "part": null,
                "replacement-node": 142,
                "template-line-number": 573
            }
        ],
        "rule-36": [
            {
                "node-pos": 323,
                "expression-node": 194,
                "part": null,
                "replacement-node": 193,
                "template-line-number": 772
            }
        ],
        "rule-26": [
            {
                "node-pos": 252,
                "expression-node": 146,
                "part": null,
                "replacement-node": 145,
                "template-line-number": 582
            }
        ],
        "rule-35": [
            {
                "node-pos": 319,
                "expression-node": 191,
                "part": null,
                "replacement-node": 190,
                "template-line-number": 763
            }
        ],
        "rule-38": [
            {
                "node-pos": 373,
                "part": null,
                "replacement-node": 221,
                "template-line-number": 890
            }
        ],
        "rule-28": [
            {
                "node-pos": 287,
                "part": null,
                "replacement-node": 169,
                "template-line-number": 690
            }
        ],
        "rule-9": [
            {
                "node-pos": 43,
                "expression-node": 25,
                "part": null,
                "replacement-node": 24,
                "template-line-number": 73
            }
        ],
        "rule-24": [
            {
                "node-pos": 244,
                "expression-node": 140,
                "part": null,
                "replacement-node": 139,
                "template-line-number": 564
            }
        ],
        "rule-22": [
            {
                "node-pos": 195,
                "expression-node": 112,
                "part": null,
                "replacement-node": 111,
                "template-line-number": 436
            }
        ],
        "rule-44": [
            {
                "node-pos": 400,
                "part": null,
                "replacement-node": 239,
                "template-line-number": 949
            }
        ],
        "rule-3": [
            {
                "node-pos": 17,
                "part": null,
                "replacement-node": 6,
                "template-line-number": 31
            }
        ],
        "rule-5": [
            {
                "node-pos": 26,
                "part": null,
                "html": true,
                "replacement-node": 12,
                "template-line-number": 49
            }
        ],
        "rule-45": [
            {
                "node-pos": 404,
                "part": null,
                "replacement-node": 242,
                "template-line-number": 958
            }
        ],
        "rule-30": [
            {
                "node-pos": 296,
                "expression-node": 176,
                "part": null,
                "replacement-node": 175,
                "template-line-number": 711
            }
        ],
        "rule-50": {
            "subs": [
                {
                    "node-pos": 265,
                    "template-line-number": 658,
                    "expression-node": 155,
                    "part": "2",
                    "name": "SectionASequence2",
                    "replacement-node": 154
                },
                {
                    "node-pos": 269,
                    "template-line-number": 663,
                    "expression-node": 158,
                    "part": "3",
                    "name": "SectionASequence2",
                    "replacement-node": 157
                },
                {
                    "node-pos": 273,
                    "template-line-number": 668,
                    "expression-node": 161,
                    "part": "4",
                    "name": "SectionASequence2",
                    "replacement-node": 160
                },
                {
                    "node-pos": 277,
                    "template-line-number": 673,
                    "expression-node": 164,
                    "part": "5",
                    "name": "SectionASequence2",
                    "replacement-node": 163
                },
                {
                    "node-pos": 281,
                    "template-line-number": 678,
                    "expression-node": 167,
                    "part": "6",
                    "name": "SectionASequence2",
                    "replacement-node": 166
                }
            ],
            "name": "SectionASequence2"
        },
        "rule-15": [
            {
                "node-pos": 98,
                "expression-node": 50,
                "part": null,
                "replacement-node": 49,
                "template-line-number": 175
            }
        ],
        "rule-40": [
            {
                "node-pos": 382,
                "expression-node": 228,
                "part": null,
                "replacement-node": 227,
                "template-line-number": 912
            }
        ],
        "rule-31": [
            {
                "node-pos": 300,
                "expression-node": 179,
                "part": null,
                "replacement-node": 178,
                "template-line-number": 720
            }
        ],
        "rule-17": [
            {
                "node-pos": 106,
                "expression-node": 56,
                "part": null,
                "replacement-node": 55,
                "template-line-number": 193
            }
        ],
        "rule-33": [
            {
                "node-pos": 310,
                "part": null,
                "replacement-node": 184,
                "template-line-number": 742
            }
        ],
        "rule-48": {
            "subs": [
                {
                    "node-pos": 208,
                    "extras": {},
                    "template-line-number": 501,
                    "part": "1",
                    "name": "APLineItems2",
                    "replacement-node": 115
                },
                {
                    "node-pos": 216,
                    "extras": {},
                    "template-line-number": 512,
                    "part": "2",
                    "name": "APLineItems2",
                    "replacement-node": 120
                },
                {
                    "node-pos": 221,
                    "template-line-number": 522,
                    "expression-node": 125,
                    "part": "4",
                    "name": "APLineItems2",
                    "replacement-node": 124
                },
                {
                    "node-pos": 225,
                    "template-line-number": 529,
                    "expression-node": 128,
                    "part": "5",
                    "name": "APLineItems2",
                    "replacement-node": 127
                },
                {
                    "node-pos": 214,
                    "extras": {},
                    "template-line-number": 508,
                    "part": "6",
                    "name": "APLineItems2",
                    "replacement-node": 118
                },
                {
                    "node-pos": 229,
                    "template-line-number": 536,
                    "expression-node": 131,
                    "part": "6",
                    "name": "APLineItems2",
                    "replacement-node": 130
                },
                {
                    "node-pos": 233,
                    "template-line-number": 542,
                    "expression-node": 134,
                    "part": "7",
                    "name": "APLineItems2",
                    "replacement-node": 133
                }
            ],
            "name": "APLineItems2"
        },
        "rule-39": [
            {
                "node-pos": 378,
                "expression-node": 225,
                "part": null,
                "replacement-node": 224,
                "template-line-number": 903
            }
        ],
        "rule-46": {
            "subs": [
                {
                    "node-pos": 72,
                    "extras": {},
                    "template-line-number": 127,
                    "part": "1",
                    "name": "APHeadings",
                    "replacement-node": 37
                },
                {
                    "node-pos": 76,
                    "extras": {},
                    "template-line-number": 134,
                    "part": "2",
                    "name": "APHeadings",
                    "replacement-node": 40
                }
            ],
            "name": "APHeadings"
        },
        "rule-13": [
            {
                "node-pos": 89,
                "part": null,
                "replacement-node": 43,
                "template-line-number": 154
            }
        ],
        "rule-2": [
            {
                "node-pos": 13,
                "expression-node": 4,
                "part": null,
                "replacement-node": 3,
                "template-line-number": 25
            }
        ],
        "rule-43": [
            {
                "node-pos": 396,
                "expression-node": 237,
                "part": null,
                "replacement-node": 236,
                "template-line-number": 944
            }
        ],
        "rule-29": [
            {
                "node-pos": 292,
                "expression-node": 173,
                "part": null,
                "replacement-node": 172,
                "template-line-number": 702
            }
        ],
        "rule-11": [
            {
                "node-pos": 53,
                "part": null,
                "replacement-node": 30,
                "template-line-number": 88
            }
        ],
        "rule-37": [
            {
                "node-pos": 327,
                "expression-node": 197,
                "part": null,
                "replacement-node": 196,
                "template-line-number": 781
            }
        ],
        "rule-34": [
            {
                "node-pos": 315,
                "expression-node": 188,
                "part": null,
                "replacement-node": 187,
                "template-line-number": 754
            }
        ],
        "rule-16": [
            {
                "node-pos": 102,
                "expression-node": 53,
                "part": null,
                "replacement-node": 52,
                "template-line-number": 184
            }
        ],
        "rule-1": [
            {
                "node-pos": 9,
                "part": null,
                "replacement-node": 0,
                "template-line-number": 21
            }
        ],
        "rule-18": [
            {
                "node-pos": 178,
                "part": null,
                "replacement-node": 99,
                "template-line-number": 396
            }
        ],
        "rule-23": [
            {
                "node-pos": 239,
                "part": null,
                "replacement-node": 136,
                "template-line-number": 552
            }
        ],
        "rule-6": [
            {
                "node-pos": 31,
                "part": null,
                "replacement-node": 15,
                "template-line-number": 60
            }
        ],
        "rule-14": [
            {
                "node-pos": 94,
                "expression-node": 47,
                "part": null,
                "replacement-node": 46,
                "template-line-number": 166
            }
        ],
        "rule-12": [
            {
                "node-pos": 58,
                "part": null,
                "html": true,
                "replacement-node": 33,
                "template-line-number": 98
            }
        ],
        "rule-49": {
            "subs": [
                {
                    "node-pos": 340,
                    "extras": {},
                    "template-line-number": 841,
                    "part": "1",
                    "name": "APLineItems3",
                    "replacement-node": 200
                },
                {
                    "node-pos": 348,
                    "extras": {},
                    "template-line-number": 852,
                    "part": "2",
                    "name": "APLineItems3",
                    "replacement-node": 205
                },
                {
                    "node-pos": 353,
                    "template-line-number": 860,
                    "expression-node": 210,
                    "part": "4",
                    "name": "APLineItems3",
                    "replacement-node": 209
                },
                {
                    "node-pos": 357,
                    "template-line-number": 865,
                    "expression-node": 213,
                    "part": "5",
                    "name": "APLineItems3",
                    "replacement-node": 212
                },
                {
                    "node-pos": 346,
                    "extras": {},
                    "template-line-number": 848,
                    "part": "6",
                    "name": "APLineItems3",
                    "replacement-node": 203
                },
                {
                    "node-pos": 361,
                    "template-line-number": 870,
                    "expression-node": 216,
                    "part": "6",
                    "name": "APLineItems3",
                    "replacement-node": 215
                },
                {
                    "node-pos": 365,
                    "template-line-number": 875,
                    "expression-node": 219,
                    "part": "7",
                    "name": "APLineItems3",
                    "replacement-node": 218
                }
            ],
            "name": "APLineItems3"
        },
        "rule-27": [
            {
                "node-pos": 256,
                "expression-node": 149,
                "part": null,
                "replacement-node": 148,
                "template-line-number": 591
            }
        ],
        "rule-32": [
            {
                "node-pos": 304,
                "expression-node": 182,
                "part": null,
                "replacement-node": 181,
                "template-line-number": 729
            }
        ],
        "rule-51": {
            "subs": [
                {
                    "node-pos": 119,
                    "extras": {},
                    "template-line-number": 252,
                    "part": "1",
                    "name": "APLineItems",
                    "replacement-node": 59
                },
                {
                    "node-pos": 127,
                    "template-line-number": 263,
                    "expression-node": 65,
                    "part": "2",
                    "name": "APLineItems",
                    "replacement-node": 64
                },
                {
                    "node-pos": 133,
                    "template-line-number": 274,
                    "expression-node": 70,
                    "part": "4",
                    "name": "APLineItems",
                    "replacement-node": 69
                },
                {
                    "node-pos": 137,
                    "template-line-number": 281,
                    "expression-node": 73,
                    "part": "5",
                    "name": "APLineItems",
                    "replacement-node": 72
                },
                {
                    "node-pos": 125,
                    "extras": {},
                    "template-line-number": 259,
                    "part": "6",
                    "name": "APLineItems",
                    "replacement-node": 62
                },
                {
                    "node-pos": 141,
                    "template-line-number": 288,
                    "expression-node": 76,
                    "part": "6",
                    "name": "APLineItems",
                    "replacement-node": 75
                },
                {
                    "node-pos": 145,
                    "template-line-number": 294,
                    "expression-node": 79,
                    "part": "7",
                    "name": "APLineItems",
                    "replacement-node": 78
                }
            ],
            "name": "APLineItems"
        },
        "rule-21": [
            {
                "node-pos": 191,
                "expression-node": 109,
                "part": null,
                "replacement-node": 108,
                "template-line-number": 427
            }
        ],
        "rule-8": [
            {
                "node-pos": 39,
                "part": null,
                "replacement-node": 21,
                "template-line-number": 69
            }
        ],
        "rule-7": [
            {
                "node-pos": 35,
                "expression-node": 19,
                "part": null,
                "replacement-node": 18,
                "template-line-number": 64
            }
        ],
        "rule-10": [
            {
                "node-pos": 47,
                "expression-node": 28,
                "part": null,
                "replacement-node": 27,
                "template-line-number": 78
            }
        ],
        "rule-42": [
            {
                "node-pos": 390,
                "expression-node": 234,
                "part": null,
                "replacement-node": 233,
                "template-line-number": 930
            }
        ],
        "rule-4": [
            {
                "node-pos": 21,
                "part": null,
                "html": true,
                "replacement-node": 9,
                "template-line-number": 37
            }
        ],
        "rule-20": [
            {
                "node-pos": 187,
                "expression-node": 106,
                "part": null,
                "replacement-node": 105,
                "template-line-number": 418
            }
        ]
    },
    "line-numbers": {
        "SectionASequence1": [
            {
                "line-number-node": 82,
                "sub-number": true,
                "start-number": 9,
                "template-line-number": 356
            }
        ],
        "SectionASequence2": [
            {
                "line-number-node": 152,
                "sub-number": true,
                "start-number": 17,
                "template-line-number": 654
            }
        ]
    },
    "showifs": {}
}