{
    "line-numbers": {
        "TaxesAccrued": [
            {
                "start-number": 1,
                "template-line-number": 367,
                "line-number-node": 46
            }
        ]
    },
    "substitutions": {
        "rule-31": [
            {
                "part": null,
                "node-pos": 258,
                "replacement-node": 164,
                "template-line-number": 648
            }
        ],
        "rule-20": [
            {
                "part": null,
                "node-pos": 211,
                "replacement-node": 131,
                "expression-node": 132,
                "template-line-number": 548
            }
        ],
        "rule-5": [
            {
                "html": true,
                "part": null,
                "node-pos": 26,
                "replacement-node": 12,
                "template-line-number": 49
            }
        ],
        "rule-18": [
            {
                "part": null,
                "node-pos": 203,
                "replacement-node": 125,
                "expression-node": 126,
                "template-line-number": 530
            }
        ],
        "rule-7": [
            {
                "part": null,
                "node-pos": 35,
                "replacement-node": 18,
                "expression-node": 19,
                "template-line-number": 64
            }
        ],
        "rule-1": [
            {
                "part": null,
                "node-pos": 9,
                "replacement-node": 0,
                "template-line-number": 21
            }
        ],
        "rule-26": [
            {
                "part": null,
                "node-pos": 235,
                "replacement-node": 149,
                "expression-node": 150,
                "template-line-number": 602
            }
        ],
        "rule-3": [
            {
                "part": null,
                "node-pos": 17,
                "replacement-node": 6,
                "template-line-number": 31
            }
        ],
        "rule-13": [
            {
                "part": null,
                "node-pos": 179,
                "replacement-node": 110,
                "template-line-number": 479
            }
        ],
        "rule-12": [
            {
                "html": true,
                "part": null,
                "node-pos": 58,
                "replacement-node": 33,
                "template-line-number": 100
            }
        ],
        "rule-14": [
            {
                "part": null,
                "node-pos": 187,
                "replacement-node": 113,
                "expression-node": 114,
                "template-line-number": 494
            }
        ],
        "rule-27": [
            {
                "part": null,
                "node-pos": 239,
                "replacement-node": 152,
                "expression-node": 153,
                "template-line-number": 611
            }
        ],
        "rule-9": [
            {
                "part": null,
                "node-pos": 43,
                "replacement-node": 24,
                "expression-node": 25,
                "template-line-number": 73
            }
        ],
        "rule-32": {
            "name": "TaxesAccrued",
            "subs": [
                {
                    "template-line-number": 428,
                    "expression-node": 84,
                    "node-pos": 141,
                    "part": "10",
                    "name": "TaxesAccrued",
                    "replacement-node": 83
                },
                {
                    "template-line-number": 433,
                    "expression-node": 87,
                    "node-pos": 145,
                    "part": "11",
                    "name": "TaxesAccrued",
                    "replacement-node": 86
                },
                {
                    "template-line-number": 438,
                    "expression-node": 90,
                    "node-pos": 149,
                    "part": "12",
                    "name": "TaxesAccrued",
                    "replacement-node": 89
                },
                {
                    "template-line-number": 443,
                    "expression-node": 93,
                    "node-pos": 153,
                    "part": "13",
                    "name": "TaxesAccrued",
                    "replacement-node": 92
                },
                {
                    "template-line-number": 448,
                    "expression-node": 96,
                    "node-pos": 157,
                    "part": "14",
                    "name": "TaxesAccrued",
                    "replacement-node": 95
                },
                {
                    "template-line-number": 453,
                    "expression-node": 99,
                    "node-pos": 161,
                    "part": "15",
                    "name": "TaxesAccrued",
                    "replacement-node": 98
                },
                {
                    "template-line-number": 458,
                    "expression-node": 102,
                    "node-pos": 165,
                    "part": "16",
                    "name": "TaxesAccrued",
                    "replacement-node": 101
                },
                {
                    "template-line-number": 463,
                    "expression-node": 105,
                    "node-pos": 169,
                    "part": "17",
                    "name": "TaxesAccrued",
                    "replacement-node": 104
                },
                {
                    "template-line-number": 468,
                    "expression-node": 108,
                    "node-pos": 173,
                    "part": "18",
                    "name": "TaxesAccrued",
                    "replacement-node": 107
                },
                {
                    "template-line-number": 370,
                    "expression-node": 49,
                    "node-pos": 95,
                    "part": "2",
                    "name": "TaxesAccrued",
                    "replacement-node": 48
                },
                {
                    "template-line-number": 378,
                    "expression-node": 54,
                    "node-pos": 101,
                    "part": "2",
                    "name": "TaxesAccrued",
                    "replacement-node": 53
                },
                {
                    "template-line-number": 383,
                    "expression-node": 57,
                    "node-pos": 105,
                    "part": "2",
                    "name": "TaxesAccrued",
                    "replacement-node": 56
                },
                {
                    "template-line-number": 388,
                    "expression-node": 60,
                    "node-pos": 109,
                    "part": "2",
                    "name": "TaxesAccrued",
                    "replacement-node": 59
                },
                {
                    "template-line-number": 393,
                    "expression-node": 63,
                    "node-pos": 113,
                    "part": "3",
                    "name": "TaxesAccrued",
                    "replacement-node": 62
                },
                {
                    "template-line-number": 398,
                    "expression-node": 66,
                    "node-pos": 117,
                    "part": "4",
                    "name": "TaxesAccrued",
                    "replacement-node": 65
                },
                {
                    "template-line-number": 403,
                    "expression-node": 69,
                    "node-pos": 121,
                    "part": "5",
                    "name": "TaxesAccrued",
                    "replacement-node": 68
                },
                {
                    "template-line-number": 408,
                    "expression-node": 72,
                    "node-pos": 125,
                    "part": "6",
                    "name": "TaxesAccrued",
                    "replacement-node": 71
                },
                {
                    "template-line-number": 413,
                    "expression-node": 75,
                    "node-pos": 129,
                    "part": "7",
                    "name": "TaxesAccrued",
                    "replacement-node": 74
                },
                {
                    "template-line-number": 418,
                    "expression-node": 78,
                    "node-pos": 133,
                    "part": "8",
                    "name": "TaxesAccrued",
                    "replacement-node": 77
                },
                {
                    "template-line-number": 423,
                    "expression-node": 81,
                    "node-pos": 137,
                    "part": "9",
                    "name": "TaxesAccrued",
                    "replacement-node": 80
                }
            ]
        },
        "rule-2": [
            {
                "part": null,
                "node-pos": 13,
                "replacement-node": 3,
                "expression-node": 4,
                "template-line-number": 25
            }
        ],
        "rule-4": [
            {
                "html": true,
                "part": null,
                "node-pos": 21,
                "replacement-node": 9,
                "template-line-number": 37
            }
        ],
        "rule-33": {
            "name": "TaxesAccruedHead",
            "subs": [
                {
                    "template-line-number": 143,
                    "node-pos": 82,
                    "part": "1",
                    "name": "TaxesAccruedHead",
                    "replacement-node": 39,
                    "extras": {}
                },
                {
                    "template-line-number": 152,
                    "node-pos": 86,
                    "part": "2",
                    "name": "TaxesAccruedHead",
                    "replacement-node": 42,
                    "extras": {}
                },
                {
                    "template-line-number": 139,
                    "node-pos": 80,
                    "part": "3",
                    "name": "TaxesAccruedHead",
                    "replacement-node": 37,
                    "extras": {}
                }
            ]
        },
        "rule-10": [
            {
                "part": null,
                "node-pos": 47,
                "replacement-node": 27,
                "expression-node": 28,
                "template-line-number": 78
            }
        ],
        "rule-6": [
            {
                "part": null,
                "node-pos": 31,
                "replacement-node": 15,
                "template-line-number": 60
            }
        ],
        "rule-16": [
            {
                "part": null,
                "node-pos": 195,
                "replacement-node": 119,
                "expression-node": 120,
                "template-line-number": 512
            }
        ],
        "rule-30": [
            {
                "part": null,
                "node-pos": 254,
                "replacement-node": 161,
                "template-line-number": 639
            }
        ],
        "rule-28": [
            {
                "part": null,
                "node-pos": 243,
                "replacement-node": 155,
                "expression-node": 156,
                "template-line-number": 620
            }
        ],
        "rule-22": [
            {
                "part": null,
                "node-pos": 219,
                "replacement-node": 137,
                "expression-node": 138,
                "template-line-number": 566
            }
        ],
        "rule-11": [
            {
                "part": null,
                "node-pos": 53,
                "replacement-node": 30,
                "template-line-number": 89
            }
        ],
        "rule-25": [
            {
                "part": null,
                "node-pos": 231,
                "replacement-node": 146,
                "expression-node": 147,
                "template-line-number": 593
            }
        ],
        "rule-23": [
            {
                "part": null,
                "node-pos": 223,
                "replacement-node": 140,
                "expression-node": 141,
                "template-line-number": 575
            }
        ],
        "rule-21": [
            {
                "part": null,
                "node-pos": 215,
                "replacement-node": 134,
                "expression-node": 135,
                "template-line-number": 557
            }
        ],
        "rule-17": [
            {
                "part": null,
                "node-pos": 199,
                "replacement-node": 122,
                "expression-node": 123,
                "template-line-number": 521
            }
        ],
        "rule-15": [
            {
                "part": null,
                "node-pos": 191,
                "replacement-node": 116,
                "expression-node": 117,
                "template-line-number": 503
            }
        ],
        "rule-8": [
            {
                "part": null,
                "node-pos": 39,
                "replacement-node": 21,
                "template-line-number": 69
            }
        ],
        "rule-19": [
            {
                "part": null,
                "node-pos": 207,
                "replacement-node": 128,
                "expression-node": 129,
                "template-line-number": 539
            }
        ],
        "rule-24": [
            {
                "part": null,
                "node-pos": 227,
                "replacement-node": 143,
                "expression-node": 144,
                "template-line-number": 584
            }
        ],
        "rule-29": [
            {
                "part": null,
                "node-pos": 250,
                "replacement-node": 158,
                "expression-node": 159,
                "template-line-number": 634
            }
        ]
    },
    "showifs": {}
}