{
    "substitutions": {
        "rule-4": [
            {
                "template-line-number": 42,
                "part": null,
                "replacement-node": 7,
                "node-pos": 18
            }
        ],
        "rule-2": [
            {
                "template-line-number": 31,
                "part": null,
                "replacement-node": 1,
                "node-pos": 10
            }
        ],
        "rule-3": [
            {
                "expression-node": 5,
                "part": null,
                "replacement-node": 4,
                "node-pos": 14,
                "template-line-number": 36
            }
        ],
        "rule-14": [
            {
                "template-line-number": 221,
                "part": null,
                "replacement-node": 62,
                "node-pos": 102
            }
        ],
        "rule-12": [
            {
                "template-line-number": 101,
                "part": null,
                "replacement-node": 31,
                "node-pos": 54
            }
        ],
        "rule-10": [
            {
                "expression-node": 26,
                "part": null,
                "replacement-node": 25,
                "node-pos": 44,
                "template-line-number": 86
            }
        ],
        "rule-6": [
            {
                "template-line-number": 60,
                "part": null,
                "replacement-node": 13,
                "node-pos": 27,
                "html": true
            }
        ],
        "rule-13": [
            {
                "expression-node": 60,
                "part": null,
                "replacement-node": 59,
                "node-pos": 98,
                "template-line-number": 214
            }
        ],
        "rule-15": [
            {
                "template-line-number": 231,
                "part": null,
                "replacement-node": 65,
                "node-pos": 106
            }
        ],
        "rule-9": [
            {
                "template-line-number": 81,
                "part": null,
                "replacement-node": 22,
                "node-pos": 40
            }
        ],
        "rule-8": [
            {
                "expression-node": 20,
                "part": null,
                "replacement-node": 19,
                "node-pos": 36,
                "template-line-number": 76
            }
        ],
        "rule-16": {
            "subs": [
                {
                    "extras": {},
                    "replacement-node": 42,
                    "node-pos": 72,
                    "part": "1",
                    "template-line-number": 171,
                    "name": "BSLineItems"
                },
                {
                    "extras": {},
                    "replacement-node": 47,
                    "node-pos": 80,
                    "part": "2",
                    "template-line-number": 182,
                    "name": "BSLineItems"
                },
                {
                    "extras": {},
                    "replacement-node": 51,
                    "node-pos": 85,
                    "part": "3",
                    "template-line-number": 191,
                    "name": "BSLineItems"
                },
                {
                    "expression-node": 54,
                    "node-pos": 88,
                    "replacement-node": 53,
                    "part": "4",
                    "template-line-number": 196,
                    "name": "BSLineItems"
                },
                {
                    "expression-node": 57,
                    "node-pos": 92,
                    "replacement-node": 56,
                    "part": "5",
                    "template-line-number": 202,
                    "name": "BSLineItems"
                },
                {
                    "extras": {},
                    "replacement-node": 45,
                    "node-pos": 78,
                    "part": "6",
                    "template-line-number": 178,
                    "name": "BSLineItems"
                }
            ],
            "name": "BSLineItems"
        },
        "rule-17": {
            "subs": [
                {
                    "extras": {},
                    "replacement-node": 35,
                    "node-pos": 62,
                    "part": "1",
                    "template-line-number": 125,
                    "name": "BSHeadings"
                },
                {
                    "extras": {},
                    "replacement-node": 38,
                    "node-pos": 66,
                    "part": "2",
                    "template-line-number": 132,
                    "name": "BSHeadings"
                }
            ],
            "name": "BSHeadings"
        },
        "rule-5": [
            {
                "template-line-number": 48,
                "part": null,
                "replacement-node": 10,
                "node-pos": 22,
                "html": true
            }
        ],
        "rule-7": [
            {
                "template-line-number": 71,
                "part": null,
                "replacement-node": 16,
                "node-pos": 32
            }
        ],
        "rule-11": [
            {
                "expression-node": 29,
                "part": null,
                "replacement-node": 28,
                "node-pos": 48,
                "template-line-number": 91
            }
        ]
    },
    "line-numbers": {},
    "showifs": {
        "rule-1": {
            "type": "showif",
            "template-line-number": 18
        }
    }
}