{
    "substitutions": {
        "rule-18": [
            {
                "node-pos": 143,
                "replacement-node": 76,
                "expression-node": 77,
                "part": null,
                "template-line-number": 322
            }
        ],
        "rule-16": [
            {
                "node-pos": 133,
                "replacement-node": 70,
                "part": null,
                "template-line-number": 298
            }
        ],
        "rule-2": [
            {
                "node-pos": 14,
                "replacement-node": 3,
                "expression-node": 4,
                "part": null,
                "template-line-number": 27
            }
        ],
        "rule-6": [
            {
                "node-pos": 32,
                "replacement-node": 15,
                "part": null,
                "template-line-number": 62
            }
        ],
        "rule-7": [
            {
                "node-pos": 36,
                "replacement-node": 18,
                "expression-node": 19,
                "part": null,
                "template-line-number": 67
            }
        ],
        "rule-1": [
            {
                "node-pos": 10,
                "replacement-node": 0,
                "part": null,
                "template-line-number": 22
            }
        ],
        "rule-10": [
            {
                "node-pos": 48,
                "replacement-node": 27,
                "expression-node": 28,
                "part": null,
                "template-line-number": 82
            }
        ],
        "rule-20": [
            {
                "node-pos": 154,
                "replacement-node": 82,
                "part": null,
                "template-line-number": 343
            }
        ],
        "rule-9": [
            {
                "node-pos": 44,
                "replacement-node": 24,
                "expression-node": 25,
                "part": null,
                "template-line-number": 77
            }
        ],
        "rule-14": [
            {
                "node-pos": 89,
                "replacement-node": 48,
                "part": null,
                "template-line-number": 173
            }
        ],
        "rule-22": {
            "name": "ColumnHeading",
            "subs": [
                {
                    "node-pos": 74,
                    "extras": {},
                    "name": "ColumnHeading",
                    "part": "1",
                    "replacement-node": 39,
                    "template-line-number": 141
                },
                {
                    "node-pos": 78,
                    "extras": {},
                    "name": "ColumnHeading",
                    "part": "2",
                    "replacement-node": 42,
                    "template-line-number": 150
                },
                {
                    "node-pos": 72,
                    "extras": {},
                    "name": "ColumnHeading",
                    "part": "3",
                    "replacement-node": 37,
                    "template-line-number": 137
                }
            ]
        },
        "rule-21": [
            {
                "node-pos": 158,
                "replacement-node": 85,
                "part": null,
                "template-line-number": 352
            }
        ],
        "rule-15": [
            {
                "node-pos": 100,
                "replacement-node": 51,
                "part": null,
                "template-line-number": 192
            }
        ],
        "rule-17": [
            {
                "node-pos": 139,
                "replacement-node": 73,
                "expression-node": 74,
                "part": null,
                "template-line-number": 313
            }
        ],
        "rule-12": [
            {
                "node-pos": 59,
                "replacement-node": 33,
                "part": null,
                "html": true,
                "template-line-number": 103
            }
        ],
        "rule-3": [
            {
                "node-pos": 18,
                "replacement-node": 6,
                "part": null,
                "template-line-number": 33
            }
        ],
        "rule-19": [
            {
                "node-pos": 150,
                "replacement-node": 79,
                "expression-node": 80,
                "part": null,
                "template-line-number": 337
            }
        ],
        "rule-13": [
            {
                "node-pos": 84,
                "replacement-node": 45,
                "part": null,
                "template-line-number": 161
            }
        ],
        "rule-4": [
            {
                "node-pos": 22,
                "replacement-node": 9,
                "part": null,
                "html": true,
                "template-line-number": 39
            }
        ],
        "rule-11": [
            {
                "node-pos": 54,
                "replacement-node": 30,
                "part": null,
                "template-line-number": 92
            }
        ],
        "rule-8": [
            {
                "node-pos": 40,
                "replacement-node": 21,
                "part": null,
                "template-line-number": 72
            }
        ],
        "rule-5": [
            {
                "node-pos": 27,
                "replacement-node": 12,
                "part": null,
                "html": true,
                "template-line-number": 51
            }
        ],
        "rule-23": {
            "name": "AccountsReceivableFromAssociateCompanies",
            "subs": [
                {
                    "node-pos": 115,
                    "name": "AccountsReceivableFromAssociateCompanies",
                    "part": "2",
                    "expression-node": 59,
                    "replacement-node": 58,
                    "template-line-number": 263
                },
                {
                    "node-pos": 119,
                    "name": "AccountsReceivableFromAssociateCompanies",
                    "part": "3",
                    "expression-node": 62,
                    "replacement-node": 61,
                    "template-line-number": 271
                },
                {
                    "node-pos": 123,
                    "name": "AccountsReceivableFromAssociateCompanies",
                    "part": "4",
                    "expression-node": 65,
                    "replacement-node": 64,
                    "template-line-number": 279
                },
                {
                    "node-pos": 127,
                    "name": "AccountsReceivableFromAssociateCompanies",
                    "part": "5",
                    "expression-node": 68,
                    "replacement-node": 67,
                    "template-line-number": 287
                }
            ]
        }
    },
    "showifs": {},
    "line-numbers": {
        "AccountsReceivableFromAssociateCompanies": [
            {
                "line-number-node": 55,
                "start-number": 3,
                "template-line-number": 255
            }
        ]
    }
}