{
    "showifs": {},
    "line-numbers": {
        "BondsLineItems": [
            {
                "template-line-number": 201,
                "line-number-node": 43,
                "start-number": 1
            }
        ]
    },
    "substitutions": {
        "rule-3": [
            {
                "template-line-number": 32,
                "replacement-node": 6,
                "node-pos": 18,
                "part": null
            }
        ],
        "rule-9": [
            {
                "template-line-number": 74,
                "node-pos": 44,
                "replacement-node": 24,
                "expression-node": 25,
                "part": null
            }
        ],
        "rule-1": [
            {
                "template-line-number": 22,
                "replacement-node": 0,
                "node-pos": 10,
                "part": null
            }
        ],
        "rule-12": [
            {
                "template-line-number": 244,
                "node-pos": 109,
                "replacement-node": 64,
                "expression-node": 65,
                "part": null
            }
        ],
        "rule-11": [
            {
                "template-line-number": 89,
                "replacement-node": 30,
                "node-pos": 54,
                "part": null
            }
        ],
        "rule-6": [
            {
                "template-line-number": 61,
                "replacement-node": 15,
                "node-pos": 32,
                "part": null
            }
        ],
        "rule-15": [
            {
                "template-line-number": 274,
                "replacement-node": 73,
                "node-pos": 124,
                "part": null
            }
        ],
        "rule-8": [
            {
                "template-line-number": 70,
                "replacement-node": 21,
                "node-pos": 40,
                "part": null
            }
        ],
        "rule-16": [
            {
                "template-line-number": 284,
                "replacement-node": 76,
                "node-pos": 128,
                "part": null
            }
        ],
        "rule-4": [
            {
                "template-line-number": 38,
                "html": true,
                "replacement-node": 9,
                "node-pos": 22,
                "part": null
            }
        ],
        "rule-17": {
            "name": "BondsLineItems",
            "subs": [
                {
                    "replacement-node": 46,
                    "node-pos": 80,
                    "name": "BondsLineItems",
                    "template-line-number": 204,
                    "expression-node": 47,
                    "part": "2"
                },
                {
                    "replacement-node": 49,
                    "node-pos": 84,
                    "name": "BondsLineItems",
                    "template-line-number": 209,
                    "expression-node": 50,
                    "part": "3"
                },
                {
                    "replacement-node": 52,
                    "node-pos": 88,
                    "name": "BondsLineItems",
                    "template-line-number": 214,
                    "expression-node": 53,
                    "part": "4"
                },
                {
                    "replacement-node": 55,
                    "node-pos": 92,
                    "name": "BondsLineItems",
                    "template-line-number": 219,
                    "expression-node": 56,
                    "part": "5"
                },
                {
                    "replacement-node": 58,
                    "node-pos": 96,
                    "name": "BondsLineItems",
                    "template-line-number": 224,
                    "expression-node": 59,
                    "part": "6"
                },
                {
                    "replacement-node": 61,
                    "node-pos": 100,
                    "name": "BondsLineItems",
                    "template-line-number": 230,
                    "expression-node": 62,
                    "part": "7"
                }
            ]
        },
        "rule-2": [
            {
                "template-line-number": 26,
                "node-pos": 14,
                "replacement-node": 3,
                "expression-node": 4,
                "part": null
            }
        ],
        "rule-18": {
            "name": "LongTermDebtHeadings",
            "subs": [
                {
                    "extras": {},
                    "replacement-node": 36,
                    "node-pos": 66,
                    "name": "LongTermDebtHeadings",
                    "template-line-number": 131,
                    "part": "1"
                },
                {
                    "extras": {},
                    "replacement-node": 39,
                    "node-pos": 70,
                    "name": "LongTermDebtHeadings",
                    "template-line-number": 140,
                    "part": "2"
                },
                {
                    "extras": {},
                    "replacement-node": 34,
                    "node-pos": 64,
                    "name": "LongTermDebtHeadings",
                    "template-line-number": 127,
                    "part": "3"
                }
            ]
        },
        "rule-10": [
            {
                "template-line-number": 79,
                "node-pos": 48,
                "replacement-node": 27,
                "expression-node": 28,
                "part": null
            }
        ],
        "rule-5": [
            {
                "template-line-number": 50,
                "html": true,
                "replacement-node": 12,
                "node-pos": 27,
                "part": null
            }
        ],
        "rule-13": [
            {
                "template-line-number": 254,
                "node-pos": 114,
                "replacement-node": 67,
                "expression-node": 68,
                "part": null
            }
        ],
        "rule-7": [
            {
                "template-line-number": 65,
                "node-pos": 36,
                "replacement-node": 18,
                "expression-node": 19,
                "part": null
            }
        ],
        "rule-14": [
            {
                "template-line-number": 268,
                "node-pos": 120,
                "replacement-node": 70,
                "expression-node": 71,
                "part": null
            }
        ]
    }
}