{
    "showifs": {},
    "substitutions": {
        "rule-16": [
            {
                "expression-node": 83,
                "part": null,
                "node-pos": 146,
                "replacement-node": 82,
                "template-line-number": 379
            }
        ],
        "rule-13": [
            {
                "expression-node": 74,
                "part": null,
                "node-pos": 134,
                "replacement-node": 73,
                "template-line-number": 352
            }
        ],
        "rule-20": [
            {
                "template-line-number": 420,
                "part": null,
                "node-pos": 164,
                "replacement-node": 94
            }
        ],
        "rule-7": [
            {
                "expression-node": 19,
                "part": null,
                "node-pos": 36,
                "replacement-node": 18,
                "template-line-number": 84
            }
        ],
        "rule-8": [
            {
                "template-line-number": 91,
                "part": null,
                "node-pos": 40,
                "replacement-node": 21
            }
        ],
        "rule-11": [
            {
                "template-line-number": 116,
                "html": true,
                "part": null,
                "node-pos": 54,
                "replacement-node": 30
            }
        ],
        "rule-3": [
            {
                "template-line-number": 34,
                "part": null,
                "node-pos": 18,
                "replacement-node": 6
            }
        ],
        "rule-15": [
            {
                "expression-node": 80,
                "part": null,
                "node-pos": 142,
                "replacement-node": 79,
                "template-line-number": 370
            }
        ],
        "rule-4": [
            {
                "template-line-number": 42,
                "html": true,
                "part": null,
                "node-pos": 22,
                "replacement-node": 9
            }
        ],
        "rule-14": [
            {
                "expression-node": 77,
                "part": null,
                "node-pos": 138,
                "replacement-node": 76,
                "template-line-number": 361
            }
        ],
        "rule-18": [
            {
                "expression-node": 89,
                "part": null,
                "node-pos": 154,
                "replacement-node": 88,
                "template-line-number": 397
            }
        ],
        "rule-1": [
            {
                "template-line-number": 20,
                "part": null,
                "node-pos": 10,
                "replacement-node": 0
            }
        ],
        "rule-10": [
            {
                "expression-node": 28,
                "part": null,
                "node-pos": 48,
                "replacement-node": 27,
                "template-line-number": 104
            }
        ],
        "rule-19": [
            {
                "expression-node": 92,
                "part": null,
                "node-pos": 160,
                "replacement-node": 91,
                "template-line-number": 413
            }
        ],
        "rule-12": [
            {
                "template-line-number": 128,
                "html": true,
                "part": null,
                "node-pos": 59,
                "replacement-node": 33
            }
        ],
        "rule-17": [
            {
                "expression-node": 86,
                "part": null,
                "node-pos": 150,
                "replacement-node": 85,
                "template-line-number": 388
            }
        ],
        "rule-6": [
            {
                "template-line-number": 77,
                "part": null,
                "node-pos": 32,
                "replacement-node": 15
            }
        ],
        "rule-2": [
            {
                "expression-node": 4,
                "part": null,
                "node-pos": 14,
                "replacement-node": 3,
                "template-line-number": 27
            }
        ],
        "rule-9": [
            {
                "expression-node": 25,
                "part": null,
                "node-pos": 44,
                "replacement-node": 24,
                "template-line-number": 98
            }
        ],
        "rule-22": {
            "name": "SalesForResale",
            "subs": [
                {
                    "name": "SalesForResale",
                    "expression-node": 71,
                    "node-pos": 125,
                    "replacement-node": 70,
                    "template-line-number": 333,
                    "part": "10"
                },
                {
                    "name": "SalesForResale",
                    "expression-node": 47,
                    "node-pos": 93,
                    "replacement-node": 46,
                    "template-line-number": 261,
                    "part": "2"
                },
                {
                    "name": "SalesForResale",
                    "expression-node": 50,
                    "node-pos": 97,
                    "replacement-node": 49,
                    "template-line-number": 270,
                    "part": "3"
                },
                {
                    "name": "SalesForResale",
                    "expression-node": 53,
                    "node-pos": 101,
                    "replacement-node": 52,
                    "template-line-number": 279,
                    "part": "4"
                },
                {
                    "name": "SalesForResale",
                    "expression-node": 56,
                    "node-pos": 105,
                    "replacement-node": 55,
                    "template-line-number": 288,
                    "part": "5"
                },
                {
                    "name": "SalesForResale",
                    "expression-node": 59,
                    "node-pos": 109,
                    "replacement-node": 58,
                    "template-line-number": 297,
                    "part": "6"
                },
                {
                    "name": "SalesForResale",
                    "expression-node": 62,
                    "node-pos": 113,
                    "replacement-node": 61,
                    "template-line-number": 306,
                    "part": "7"
                },
                {
                    "name": "SalesForResale",
                    "expression-node": 65,
                    "node-pos": 117,
                    "replacement-node": 64,
                    "template-line-number": 315,
                    "part": "8"
                },
                {
                    "name": "SalesForResale",
                    "expression-node": 68,
                    "node-pos": 121,
                    "replacement-node": 67,
                    "template-line-number": 324,
                    "part": "9"
                }
            ]
        },
        "rule-21": [
            {
                "template-line-number": 430,
                "part": null,
                "node-pos": 168,
                "replacement-node": 97
            }
        ],
        "rule-5": [
            {
                "template-line-number": 59,
                "html": true,
                "part": null,
                "node-pos": 27,
                "replacement-node": 12
            }
        ],
        "rule-23": {
            "name": "ColumnHeadings",
            "subs": [
                {
                    "name": "ColumnHeadings",
                    "template-line-number": 169,
                    "node-pos": 80,
                    "replacement-node": 37,
                    "extras": {},
                    "part": "1"
                },
                {
                    "name": "ColumnHeadings",
                    "template-line-number": 176,
                    "node-pos": 84,
                    "replacement-node": 40,
                    "extras": {},
                    "part": "2"
                }
            ]
        }
    },
    "line-numbers": {
        "SalesForResale": [
            {
                "template-line-number": 256,
                "start-number": 1,
                "line-number-node": 44
            }
        ]
    }
}