{
    "showifs": {},
    "substitutions": {
        "rule-20": {
            "name": "OtherGasRevenues",
            "subs": [
                {
                    "part": "2",
                    "template-line-number": 246,
                    "name": "OtherGasRevenues",
                    "expression-node": 63,
                    "node-pos": 107,
                    "replacement-node": 62
                },
                {
                    "part": "3",
                    "template-line-number": 251,
                    "name": "OtherGasRevenues",
                    "expression-node": 66,
                    "node-pos": 111,
                    "replacement-node": 65
                }
            ]
        },
        "rule-15": [
            {
                "part": null,
                "node-pos": 122,
                "template-line-number": 275,
                "replacement-node": 71,
                "expression-node": 72
            }
        ],
        "rule-7": [
            {
                "part": null,
                "node-pos": 35,
                "template-line-number": 64,
                "replacement-node": 18,
                "expression-node": 19
            }
        ],
        "rule-11": [
            {
                "part": null,
                "node-pos": 53,
                "template-line-number": 88,
                "replacement-node": 30
            }
        ],
        "rule-19": {
            "name": "OtherGasRevenuesLineItems",
            "subs": [
                {
                    "extras": {},
                    "part": "2",
                    "template-line-number": 169,
                    "name": "OtherGasRevenuesLineItems",
                    "node-pos": 82,
                    "replacement-node": 46
                },
                {
                    "extras": {},
                    "part": "3",
                    "template-line-number": 173,
                    "name": "OtherGasRevenuesLineItems",
                    "node-pos": 84,
                    "replacement-node": 48
                },
                {
                    "part": "4",
                    "template-line-number": 181,
                    "name": "OtherGasRevenuesLineItems",
                    "expression-node": 53,
                    "node-pos": 89,
                    "replacement-node": 52
                }
            ]
        },
        "rule-16": [
            {
                "part": null,
                "node-pos": 128,
                "template-line-number": 288,
                "replacement-node": 74,
                "expression-node": 75
            }
        ],
        "rule-10": [
            {
                "part": null,
                "node-pos": 47,
                "template-line-number": 78,
                "replacement-node": 27,
                "expression-node": 28
            }
        ],
        "rule-1": [
            {
                "part": null,
                "node-pos": 9,
                "template-line-number": 21,
                "replacement-node": 0
            }
        ],
        "rule-18": [
            {
                "part": null,
                "node-pos": 136,
                "template-line-number": 302,
                "replacement-node": 80
            }
        ],
        "rule-6": [
            {
                "part": null,
                "node-pos": 31,
                "template-line-number": 60,
                "replacement-node": 15
            }
        ],
        "rule-14": [
            {
                "part": null,
                "node-pos": 117,
                "template-line-number": 263,
                "replacement-node": 68
            }
        ],
        "rule-3": [
            {
                "part": null,
                "node-pos": 17,
                "template-line-number": 31,
                "replacement-node": 6
            }
        ],
        "rule-8": [
            {
                "part": null,
                "node-pos": 39,
                "template-line-number": 69,
                "replacement-node": 21
            }
        ],
        "rule-2": [
            {
                "part": null,
                "node-pos": 13,
                "template-line-number": 25,
                "replacement-node": 3,
                "expression-node": 4
            }
        ],
        "rule-21": {
            "name": "OtherGasRevenuesHeadings",
            "subs": [
                {
                    "extras": {},
                    "part": "1",
                    "template-line-number": 122,
                    "name": "OtherGasRevenuesHeadings",
                    "node-pos": 67,
                    "replacement-node": 37
                },
                {
                    "extras": {},
                    "part": "2",
                    "template-line-number": 129,
                    "name": "OtherGasRevenuesHeadings",
                    "node-pos": 71,
                    "replacement-node": 40
                }
            ]
        },
        "rule-5": [
            {
                "part": null,
                "node-pos": 26,
                "template-line-number": 49,
                "replacement-node": 12,
                "html": true
            }
        ],
        "rule-13": [
            {
                "part": null,
                "node-pos": 95,
                "template-line-number": 192,
                "replacement-node": 55
            }
        ],
        "rule-9": [
            {
                "part": null,
                "node-pos": 43,
                "template-line-number": 73,
                "replacement-node": 24,
                "expression-node": 25
            }
        ],
        "rule-4": [
            {
                "part": null,
                "node-pos": 21,
                "template-line-number": 37,
                "replacement-node": 9,
                "html": true
            }
        ],
        "rule-12": [
            {
                "part": null,
                "node-pos": 58,
                "template-line-number": 99,
                "replacement-node": 33,
                "html": true
            }
        ],
        "rule-17": [
            {
                "part": null,
                "node-pos": 132,
                "template-line-number": 293,
                "replacement-node": 77
            }
        ]
    },
    "line-numbers": {
        "OtherGasRevenuesLineItems": [
            {
                "start-number": 1,
                "template-line-number": 162,
                "line-number-node": 44
            }
        ],
        "OtherGasRevenues": [
            {
                "start-number": 12,
                "template-line-number": 242,
                "line-number-node": 59
            }
        ]
    }
}