{
    "line-numbers": {},
    "substitutions": {
        "rule-1": [
            {
                "part": null,
                "node-pos": 10,
                "replacement-node": 0,
                "template-line-number": 23
            }
        ],
        "rule-21": [
            {
                "part": null,
                "node-pos": 121,
                "replacement-node": 67,
                "template-line-number": 245
            }
        ],
        "rule-30": [
            {
                "part": null,
                "node-pos": 167,
                "template-line-number": 354,
                "replacement-node": 94,
                "expression-node": 95
            }
        ],
        "rule-16": [
            {
                "part": null,
                "node-pos": 95,
                "template-line-number": 185,
                "replacement-node": 52,
                "expression-node": 53
            }
        ],
        "rule-32": [
            {
                "part": null,
                "node-pos": 177,
                "template-line-number": 380,
                "replacement-node": 100,
                "expression-node": 101
            }
        ],
        "rule-35": {
            "name": "ColumnHeadings",
            "subs": [
                {
                    "part": "1",
                    "extras": {},
                    "node-pos": 71,
                    "name": "ColumnHeadings",
                    "replacement-node": 37,
                    "template-line-number": 131
                },
                {
                    "part": "2",
                    "extras": {},
                    "node-pos": 75,
                    "name": "ColumnHeadings",
                    "replacement-node": 40,
                    "template-line-number": 138
                }
            ]
        },
        "rule-26": [
            {
                "part": null,
                "node-pos": 146,
                "replacement-node": 82,
                "template-line-number": 304
            }
        ],
        "rule-6": [
            {
                "part": null,
                "node-pos": 32,
                "replacement-node": 15,
                "template-line-number": 63
            }
        ],
        "rule-31": [
            {
                "part": null,
                "node-pos": 171,
                "template-line-number": 365,
                "replacement-node": 97,
                "expression-node": 98
            }
        ],
        "rule-2": [
            {
                "part": null,
                "node-pos": 14,
                "template-line-number": 28,
                "replacement-node": 3,
                "expression-node": 4
            }
        ],
        "rule-10": [
            {
                "part": null,
                "node-pos": 48,
                "template-line-number": 83,
                "replacement-node": 27,
                "expression-node": 28
            }
        ],
        "rule-17": [
            {
                "part": null,
                "node-pos": 101,
                "replacement-node": 55,
                "template-line-number": 198
            }
        ],
        "rule-29": [
            {
                "part": null,
                "node-pos": 162,
                "replacement-node": 91,
                "template-line-number": 342
            }
        ],
        "rule-34": [
            {
                "part": null,
                "node-pos": 185,
                "replacement-node": 106,
                "template-line-number": 395
            }
        ],
        "rule-8": [
            {
                "part": null,
                "node-pos": 40,
                "replacement-node": 21,
                "template-line-number": 73
            }
        ],
        "rule-7": [
            {
                "part": null,
                "node-pos": 36,
                "template-line-number": 68,
                "replacement-node": 18,
                "expression-node": 19
            }
        ],
        "rule-18": [
            {
                "part": null,
                "node-pos": 106,
                "replacement-node": 58,
                "template-line-number": 210
            }
        ],
        "rule-9": [
            {
                "part": null,
                "node-pos": 44,
                "template-line-number": 78,
                "replacement-node": 24,
                "expression-node": 25
            }
        ],
        "rule-24": [
            {
                "part": null,
                "node-pos": 135,
                "template-line-number": 279,
                "replacement-node": 76,
                "expression-node": 77
            }
        ],
        "rule-19": [
            {
                "part": null,
                "node-pos": 111,
                "template-line-number": 222,
                "replacement-node": 61,
                "expression-node": 62
            }
        ],
        "rule-15": [
            {
                "part": null,
                "node-pos": 91,
                "template-line-number": 175,
                "replacement-node": 49,
                "expression-node": 50
            }
        ],
        "rule-12": [
            {
                "part": null,
                "html": true,
                "node-pos": 59,
                "replacement-node": 33,
                "template-line-number": 104
            }
        ],
        "rule-22": [
            {
                "part": null,
                "node-pos": 126,
                "replacement-node": 70,
                "template-line-number": 257
            }
        ],
        "rule-13": [
            {
                "part": null,
                "node-pos": 81,
                "replacement-node": 43,
                "template-line-number": 149
            }
        ],
        "rule-3": [
            {
                "part": null,
                "node-pos": 18,
                "replacement-node": 6,
                "template-line-number": 34
            }
        ],
        "rule-28": [
            {
                "part": null,
                "node-pos": 155,
                "template-line-number": 326,
                "replacement-node": 88,
                "expression-node": 89
            }
        ],
        "rule-25": [
            {
                "part": null,
                "node-pos": 141,
                "replacement-node": 79,
                "template-line-number": 292
            }
        ],
        "rule-23": [
            {
                "part": null,
                "node-pos": 131,
                "template-line-number": 269,
                "replacement-node": 73,
                "expression-node": 74
            }
        ],
        "rule-14": [
            {
                "part": null,
                "node-pos": 86,
                "replacement-node": 46,
                "template-line-number": 162
            }
        ],
        "rule-27": [
            {
                "part": null,
                "node-pos": 151,
                "template-line-number": 316,
                "replacement-node": 85,
                "expression-node": 86
            }
        ],
        "rule-20": [
            {
                "part": null,
                "node-pos": 115,
                "template-line-number": 232,
                "replacement-node": 64,
                "expression-node": 65
            }
        ],
        "rule-33": [
            {
                "part": null,
                "node-pos": 181,
                "replacement-node": 103,
                "template-line-number": 386
            }
        ],
        "rule-5": [
            {
                "part": null,
                "html": true,
                "node-pos": 27,
                "replacement-node": 12,
                "template-line-number": 52
            }
        ],
        "rule-4": [
            {
                "part": null,
                "html": true,
                "node-pos": 22,
                "replacement-node": 9,
                "template-line-number": 40
            }
        ],
        "rule-11": [
            {
                "part": null,
                "node-pos": 54,
                "replacement-node": 30,
                "template-line-number": 93
            }
        ]
    },
    "showifs": {}
}