{
    "showifs": {
        "rule-1": {
            "type": "showif",
            "template-line-number": 18
        }
    },
    "substitutions": {
        "rule-4": [
            {
                "replacement-node": 7,
                "template-line-number": 39,
                "node-pos": 19,
                "part": null
            }
        ],
        "rule-7": [
            {
                "replacement-node": 16,
                "template-line-number": 68,
                "node-pos": 33,
                "part": null
            }
        ],
        "rule-15": {
            "name": "BSHeadings",
            "subs": [
                {
                    "name": "BSHeadings",
                    "extras": {},
                    "part": "1",
                    "replacement-node": 32,
                    "node-pos": 62,
                    "template-line-number": 114
                },
                {
                    "name": "BSHeadings",
                    "extras": {},
                    "part": "2",
                    "replacement-node": 35,
                    "node-pos": 66,
                    "template-line-number": 121
                }
            ]
        },
        "rule-11": [
            {
                "expression-node": 29,
                "replacement-node": 28,
                "template-line-number": 88,
                "node-pos": 51,
                "part": null
            }
        ],
        "rule-5": [
            {
                "replacement-node": 10,
                "template-line-number": 45,
                "node-pos": 23,
                "html": true,
                "part": null
            }
        ],
        "rule-13": [
            {
                "replacement-node": 57,
                "template-line-number": 205,
                "node-pos": 99,
                "part": null
            }
        ],
        "rule-3": [
            {
                "expression-node": 5,
                "replacement-node": 4,
                "template-line-number": 33,
                "node-pos": 15,
                "part": null
            }
        ],
        "rule-16": {
            "name": "BSLineItems",
            "subs": [
                {
                    "name": "BSLineItems",
                    "extras": {},
                    "part": "1",
                    "replacement-node": 39,
                    "node-pos": 72,
                    "template-line-number": 160
                },
                {
                    "name": "BSLineItems",
                    "extras": {},
                    "part": "2",
                    "replacement-node": 44,
                    "node-pos": 80,
                    "template-line-number": 171
                },
                {
                    "name": "BSLineItems",
                    "part": "3",
                    "expression-node": 49,
                    "replacement-node": 48,
                    "node-pos": 85,
                    "template-line-number": 183
                },
                {
                    "name": "BSLineItems",
                    "part": "4",
                    "expression-node": 52,
                    "replacement-node": 51,
                    "node-pos": 89,
                    "template-line-number": 189
                },
                {
                    "name": "BSLineItems",
                    "extras": {},
                    "part": "6",
                    "replacement-node": 42,
                    "node-pos": 78,
                    "template-line-number": 167
                }
            ]
        },
        "rule-9": [
            {
                "replacement-node": 22,
                "template-line-number": 78,
                "node-pos": 42,
                "part": null
            }
        ],
        "rule-2": [
            {
                "replacement-node": 1,
                "template-line-number": 28,
                "node-pos": 10,
                "part": null
            }
        ],
        "rule-6": [
            {
                "replacement-node": 13,
                "template-line-number": 57,
                "node-pos": 28,
                "html": true,
                "part": null
            }
        ],
        "rule-14": [
            {
                "replacement-node": 60,
                "template-line-number": 215,
                "node-pos": 103,
                "part": null
            }
        ],
        "rule-8": [
            {
                "expression-node": 20,
                "replacement-node": 19,
                "template-line-number": 73,
                "node-pos": 38,
                "part": null
            }
        ],
        "rule-12": [
            {
                "expression-node": 55,
                "replacement-node": 54,
                "template-line-number": 200,
                "node-pos": 95,
                "part": null
            }
        ],
        "rule-10": [
            {
                "expression-node": 26,
                "replacement-node": 25,
                "template-line-number": 83,
                "node-pos": 47,
                "part": null
            }
        ]
    },
    "line-numbers": {}
}