{
    "substitutions": {
        "rule-18": [
            {
                "expression-node": 82,
                "replacement-node": 81,
                "template-line-number": 304,
                "node-pos": 138,
                "part": null
            }
        ],
        "rule-12": [
            {
                "replacement-node": 33,
                "template-line-number": 104,
                "html": true,
                "node-pos": 59,
                "part": null
            }
        ],
        "rule-3": [
            {
                "replacement-node": 6,
                "template-line-number": 34,
                "node-pos": 18,
                "part": null
            }
        ],
        "rule-8": [
            {
                "replacement-node": 21,
                "template-line-number": 73,
                "node-pos": 40,
                "part": null
            }
        ],
        "rule-14": [
            {
                "expression-node": 70,
                "replacement-node": 69,
                "template-line-number": 259,
                "node-pos": 119,
                "part": null
            }
        ],
        "rule-16": [
            {
                "expression-node": 76,
                "replacement-node": 75,
                "template-line-number": 280,
                "node-pos": 128,
                "part": null
            }
        ],
        "rule-21": {
            "name": "OtherRegulatoryAssets",
            "subs": [
                {
                    "expression-node": 49,
                    "replacement-node": 48,
                    "template-line-number": 210,
                    "name": "OtherRegulatoryAssets",
                    "node-pos": 88,
                    "part": "2"
                },
                {
                    "expression-node": 52,
                    "replacement-node": 51,
                    "template-line-number": 215,
                    "name": "OtherRegulatoryAssets",
                    "node-pos": 92,
                    "part": "3"
                },
                {
                    "expression-node": 55,
                    "replacement-node": 54,
                    "template-line-number": 220,
                    "name": "OtherRegulatoryAssets",
                    "node-pos": 96,
                    "part": "4"
                },
                {
                    "expression-node": 58,
                    "replacement-node": 57,
                    "template-line-number": 225,
                    "name": "OtherRegulatoryAssets",
                    "node-pos": 100,
                    "part": "5"
                },
                {
                    "expression-node": 61,
                    "replacement-node": 60,
                    "template-line-number": 230,
                    "name": "OtherRegulatoryAssets",
                    "node-pos": 104,
                    "part": "6"
                },
                {
                    "expression-node": 64,
                    "replacement-node": 63,
                    "template-line-number": 235,
                    "name": "OtherRegulatoryAssets",
                    "node-pos": 108,
                    "part": "7"
                }
            ]
        },
        "rule-20": [
            {
                "replacement-node": 87,
                "template-line-number": 319,
                "node-pos": 146,
                "part": null
            }
        ],
        "rule-4": [
            {
                "replacement-node": 9,
                "template-line-number": 40,
                "html": true,
                "node-pos": 22,
                "part": null
            }
        ],
        "rule-11": [
            {
                "replacement-node": 30,
                "template-line-number": 93,
                "node-pos": 54,
                "part": null
            }
        ],
        "rule-5": [
            {
                "replacement-node": 12,
                "template-line-number": 52,
                "html": true,
                "node-pos": 27,
                "part": null
            }
        ],
        "rule-13": [
            {
                "replacement-node": 66,
                "template-line-number": 247,
                "node-pos": 114,
                "part": null
            }
        ],
        "rule-9": [
            {
                "expression-node": 25,
                "replacement-node": 24,
                "template-line-number": 78,
                "node-pos": 44,
                "part": null
            }
        ],
        "rule-15": [
            {
                "expression-node": 73,
                "replacement-node": 72,
                "template-line-number": 268,
                "node-pos": 123,
                "part": null
            }
        ],
        "rule-19": [
            {
                "replacement-node": 84,
                "template-line-number": 309,
                "node-pos": 142,
                "part": null
            }
        ],
        "rule-6": [
            {
                "replacement-node": 15,
                "template-line-number": 63,
                "node-pos": 32,
                "part": null
            }
        ],
        "rule-7": [
            {
                "expression-node": 19,
                "replacement-node": 18,
                "template-line-number": 68,
                "node-pos": 36,
                "part": null
            }
        ],
        "rule-10": [
            {
                "expression-node": 28,
                "replacement-node": 27,
                "template-line-number": 83,
                "node-pos": 48,
                "part": null
            }
        ],
        "rule-22": {
            "name": "LongTermDebtHeadings",
            "subs": [
                {
                    "replacement-node": 39,
                    "extras": {},
                    "template-line-number": 138,
                    "name": "LongTermDebtHeadings",
                    "node-pos": 75,
                    "part": "1"
                },
                {
                    "replacement-node": 42,
                    "extras": {},
                    "template-line-number": 147,
                    "name": "LongTermDebtHeadings",
                    "node-pos": 79,
                    "part": "2"
                },
                {
                    "replacement-node": 37,
                    "extras": {},
                    "template-line-number": 134,
                    "name": "LongTermDebtHeadings",
                    "node-pos": 73,
                    "part": "3"
                }
            ]
        },
        "rule-1": [
            {
                "replacement-node": 0,
                "template-line-number": 23,
                "node-pos": 10,
                "part": null
            }
        ],
        "rule-2": [
            {
                "expression-node": 4,
                "replacement-node": 3,
                "template-line-number": 28,
                "node-pos": 14,
                "part": null
            }
        ],
        "rule-17": [
            {
                "expression-node": 79,
                "replacement-node": 78,
                "template-line-number": 290,
                "node-pos": 132,
                "part": null
            }
        ]
    },
    "line-numbers": {
        "OtherRegulatoryAssets": [
            {
                "line-number-node": 46,
                "start-number": 1,
                "template-line-number": 207
            }
        ]
    },
    "showifs": {}
}