{
    "showifs": {},
    "substitutions": {
        "rule-12": [
            {
                "part": null,
                "template-line-number": 203,
                "replacement-node": 53,
                "expression-node": 54,
                "node-pos": 91
            }
        ],
        "rule-3": [
            {
                "part": null,
                "template-line-number": 34,
                "replacement-node": 6,
                "node-pos": 18
            }
        ],
        "rule-2": [
            {
                "part": null,
                "template-line-number": 28,
                "replacement-node": 3,
                "expression-node": 4,
                "node-pos": 14
            }
        ],
        "rule-5": [
            {
                "part": null,
                "html": true,
                "template-line-number": 52,
                "replacement-node": 12,
                "node-pos": 27
            }
        ],
        "rule-1": [
            {
                "part": null,
                "template-line-number": 23,
                "replacement-node": 0,
                "node-pos": 10
            }
        ],
        "rule-11": [
            {
                "part": null,
                "template-line-number": 93,
                "replacement-node": 30,
                "node-pos": 54
            }
        ],
        "rule-8": [
            {
                "part": null,
                "template-line-number": 73,
                "replacement-node": 21,
                "node-pos": 40
            }
        ],
        "rule-7": [
            {
                "part": null,
                "template-line-number": 68,
                "replacement-node": 18,
                "expression-node": 19,
                "node-pos": 36
            }
        ],
        "rule-10": [
            {
                "part": null,
                "template-line-number": 83,
                "replacement-node": 27,
                "expression-node": 28,
                "node-pos": 48
            }
        ],
        "rule-4": [
            {
                "part": null,
                "html": true,
                "template-line-number": 40,
                "replacement-node": 9,
                "node-pos": 22
            }
        ],
        "rule-14": [
            {
                "part": null,
                "template-line-number": 218,
                "replacement-node": 59,
                "node-pos": 99
            }
        ],
        "rule-16": {
            "subs": [
                {
                    "extras": {},
                    "name": "ListLineItems",
                    "replacement-node": 41,
                    "part": "1",
                    "template-line-number": 156,
                    "node-pos": 71
                },
                {
                    "extras": {},
                    "name": "ListLineItems",
                    "replacement-node": 46,
                    "part": "2",
                    "template-line-number": 167,
                    "node-pos": 79
                },
                {
                    "extras": {},
                    "name": "ListLineItems",
                    "replacement-node": 50,
                    "part": "3",
                    "template-line-number": 177,
                    "node-pos": 85
                },
                {
                    "extras": {},
                    "name": "ListLineItems",
                    "replacement-node": 44,
                    "part": "6",
                    "template-line-number": 163,
                    "node-pos": 77
                }
            ],
            "name": "ListLineItems"
        },
        "rule-9": [
            {
                "part": null,
                "template-line-number": 78,
                "replacement-node": 24,
                "expression-node": 25,
                "node-pos": 44
            }
        ],
        "rule-15": {
            "subs": [
                {
                    "extras": {},
                    "name": "ListHeadings",
                    "replacement-node": 34,
                    "part": "1",
                    "template-line-number": 114,
                    "node-pos": 61
                },
                {
                    "extras": {},
                    "name": "ListHeadings",
                    "replacement-node": 37,
                    "part": "2",
                    "template-line-number": 121,
                    "node-pos": 65
                }
            ],
            "name": "ListHeadings"
        },
        "rule-6": [
            {
                "part": null,
                "template-line-number": 63,
                "replacement-node": 15,
                "node-pos": 32
            }
        ],
        "rule-13": [
            {
                "part": null,
                "template-line-number": 208,
                "replacement-node": 56,
                "node-pos": 95
            }
        ]
    },
    "line-numbers": {}
}