{
    "line-numbers": {
        "ElectricOperatingRevenuesLineItems": [
            {
                "line-number-node": 42,
                "template-line-number": 170,
                "start-number": 1
            }
        ],
        "ADITElectric": [
            {
                "line-number-node": 60,
                "template-line-number": 280,
                "start-number": 10
            }
        ]
    },
    "showifs": {
        "rule-1": {
            "type": "showif",
            "template-line-number": 19
        }
    },
    "substitutions": {
        "rule-14": [
            {
                "node-pos": 119,
                "part": null,
                "replacement-node": 68,
                "template-line-number": 309
            }
        ],
        "rule-12": [
            {
                "node-pos": 55,
                "part": null,
                "replacement-node": 31,
                "template-line-number": 100
            }
        ],
        "rule-17": [
            {
                "node-pos": 136,
                "part": null,
                "replacement-node": 77,
                "template-line-number": 341
            }
        ],
        "rule-20": {
            "name": "ISHeadings",
            "subs": [
                {
                    "node-pos": 63,
                    "part": "1",
                    "extras": {},
                    "name": "ISHeadings",
                    "replacement-node": 35,
                    "template-line-number": 125
                },
                {
                    "node-pos": 67,
                    "part": "2",
                    "extras": {},
                    "name": "ISHeadings",
                    "replacement-node": 38,
                    "template-line-number": 132
                }
            ]
        },
        "rule-11": [
            {
                "node-pos": 49,
                "part": null,
                "expression-node": 29,
                "replacement-node": 28,
                "template-line-number": 89
            }
        ],
        "rule-19": {
            "name": "ElectricOperatingRevenuesLineItems",
            "subs": [
                {
                    "node-pos": 77,
                    "part": "2",
                    "extras": {},
                    "name": "ElectricOperatingRevenuesLineItems",
                    "replacement-node": 45,
                    "template-line-number": 182
                },
                {
                    "node-pos": 80,
                    "part": "3",
                    "name": "ElectricOperatingRevenuesLineItems",
                    "expression-node": 48,
                    "replacement-node": 47,
                    "template-line-number": 190
                },
                {
                    "node-pos": 84,
                    "part": "4",
                    "name": "ElectricOperatingRevenuesLineItems",
                    "expression-node": 51,
                    "replacement-node": 50,
                    "template-line-number": 200
                },
                {
                    "node-pos": 88,
                    "part": "5",
                    "name": "ElectricOperatingRevenuesLineItems",
                    "expression-node": 54,
                    "replacement-node": 53,
                    "template-line-number": 210
                }
            ]
        },
        "rule-9": [
            {
                "node-pos": 41,
                "part": null,
                "replacement-node": 22,
                "template-line-number": 79
            }
        ],
        "rule-2": [
            {
                "node-pos": 11,
                "part": null,
                "replacement-node": 1,
                "template-line-number": 29
            }
        ],
        "rule-3": [
            {
                "node-pos": 15,
                "part": null,
                "expression-node": 5,
                "replacement-node": 4,
                "template-line-number": 34
            }
        ],
        "rule-13": [
            {
                "node-pos": 94,
                "part": null,
                "replacement-node": 56,
                "template-line-number": 223
            }
        ],
        "rule-15": [
            {
                "node-pos": 124,
                "part": null,
                "expression-node": 72,
                "replacement-node": 71,
                "template-line-number": 321
            }
        ],
        "rule-8": [
            {
                "node-pos": 37,
                "part": null,
                "expression-node": 20,
                "replacement-node": 19,
                "template-line-number": 74
            }
        ],
        "rule-4": [
            {
                "node-pos": 19,
                "part": null,
                "replacement-node": 7,
                "template-line-number": 40
            }
        ],
        "rule-18": [
            {
                "node-pos": 140,
                "part": null,
                "replacement-node": 80,
                "template-line-number": 351
            }
        ],
        "rule-21": {
            "name": "ADITElectric",
            "subs": [
                {
                    "node-pos": 107,
                    "part": "2",
                    "name": "ADITElectric",
                    "expression-node": 63,
                    "replacement-node": 62,
                    "template-line-number": 286
                },
                {
                    "node-pos": 111,
                    "part": "3",
                    "name": "ADITElectric",
                    "expression-node": 66,
                    "replacement-node": 65,
                    "template-line-number": 295
                }
            ]
        },
        "rule-7": [
            {
                "node-pos": 33,
                "part": null,
                "replacement-node": 16,
                "template-line-number": 69
            }
        ],
        "rule-6": [
            {
                "node-pos": 28,
                "part": null,
                "html": true,
                "replacement-node": 13,
                "template-line-number": 58
            }
        ],
        "rule-16": [
            {
                "node-pos": 132,
                "part": null,
                "expression-node": 75,
                "replacement-node": 74,
                "template-line-number": 336
            }
        ],
        "rule-10": [
            {
                "node-pos": 45,
                "part": null,
                "expression-node": 26,
                "replacement-node": 25,
                "template-line-number": 84
            }
        ],
        "rule-5": [
            {
                "node-pos": 23,
                "part": null,
                "html": true,
                "replacement-node": 10,
                "template-line-number": 46
            }
        ]
    }
}