{
    "substitutions": {
        "rule-8": [
            {
                "part": null,
                "replacement-node": 21,
                "node-pos": 73,
                "template-line-number": 146
            }
        ],
        "rule-5": [
            {
                "part": null,
                "replacement-node": 12,
                "expression-node": 13,
                "node-pos": 59,
                "template-line-number": 121
            }
        ],
        "rule-4": [
            {
                "part": null,
                "replacement-node": 9,
                "node-pos": 55,
                "template-line-number": 114
            }
        ],
        "rule-3": [
            {
                "part": null,
                "replacement-node": 6,
                "expression-node": 7,
                "node-pos": 51,
                "template-line-number": 106
            }
        ],
        "rule-1": [
            {
                "part": null,
                "replacement-node": 0,
                "html": true,
                "node-pos": 15,
                "template-line-number": 32
            }
        ],
        "rule-7": [
            {
                "part": null,
                "replacement-node": 18,
                "expression-node": 19,
                "node-pos": 69,
                "template-line-number": 139
            }
        ],
        "rule-2": [
            {
                "part": null,
                "replacement-node": 3,
                "html": true,
                "node-pos": 20,
                "template-line-number": 44
            }
        ],
        "rule-6": [
            {
                "part": null,
                "replacement-node": 15,
                "expression-node": 16,
                "node-pos": 63,
                "template-line-number": 127
            }
        ]
    },
    "line-numbers": {},
    "showifs": {}
}