{
    "showifs": {},
    "line-numbers": {
        "officer": [
            {
                "start-number": 1,
                "template-line-number": 246,
                "line-number-node": 41
            }
        ]
    },
    "substitutions": {
        "rule-7": [
            {
                "part": null,
                "expression-node": 19,
                "template-line-number": 67,
                "replacement-node": 18,
                "node-pos": 38
            }
        ],
        "rule-13": [
            {
                "part": null,
                "template-line-number": 288,
                "replacement-node": 61,
                "node-pos": 104
            }
        ],
        "rule-1": [
            {
                "part": null,
                "template-line-number": 22,
                "replacement-node": 0,
                "node-pos": 10
            }
        ],
        "rule-11": [
            {
                "part": null,
                "template-line-number": 92,
                "replacement-node": 30,
                "node-pos": 57
            }
        ],
        "rule-10": [
            {
                "part": null,
                "expression-node": 28,
                "template-line-number": 82,
                "replacement-node": 27,
                "node-pos": 51
            }
        ],
        "rule-2": [
            {
                "part": null,
                "expression-node": 4,
                "template-line-number": 27,
                "replacement-node": 3,
                "node-pos": 15
            }
        ],
        "rule-4": [
            {
                "part": null,
                "html": true,
                "template-line-number": 39,
                "replacement-node": 9,
                "node-pos": 23
            }
        ],
        "rule-14": [
            {
                "part": null,
                "template-line-number": 298,
                "replacement-node": 64,
                "node-pos": 108
            }
        ],
        "rule-3": [
            {
                "part": null,
                "template-line-number": 33,
                "replacement-node": 6,
                "node-pos": 19
            }
        ],
        "rule-9": [
            {
                "part": null,
                "expression-node": 25,
                "template-line-number": 77,
                "replacement-node": 24,
                "node-pos": 47
            }
        ],
        "rule-15": {
            "name": "ISHeadings",
            "subs": [
                {
                    "part": "1",
                    "name": "ISHeadings",
                    "replacement-node": 34,
                    "node-pos": 65,
                    "template-line-number": 117,
                    "extras": {}
                },
                {
                    "part": "2",
                    "name": "ISHeadings",
                    "replacement-node": 37,
                    "node-pos": 69,
                    "template-line-number": 124,
                    "extras": {}
                }
            ]
        },
        "rule-8": [
            {
                "part": null,
                "template-line-number": 72,
                "replacement-node": 21,
                "node-pos": 42
            }
        ],
        "rule-5": [
            {
                "part": null,
                "html": true,
                "template-line-number": 51,
                "replacement-node": 12,
                "node-pos": 28
            }
        ],
        "rule-6": [
            {
                "part": null,
                "template-line-number": 62,
                "replacement-node": 15,
                "node-pos": 33
            }
        ],
        "rule-16": {
            "name": "officer",
            "subs": [
                {
                    "part": "2",
                    "name": "officer",
                    "replacement-node": 43,
                    "expression-node": 44,
                    "node-pos": 78,
                    "template-line-number": 249
                },
                {
                    "part": "3",
                    "name": "officer",
                    "replacement-node": 46,
                    "expression-node": 47,
                    "node-pos": 82,
                    "template-line-number": 254
                },
                {
                    "part": "4",
                    "name": "officer",
                    "replacement-node": 49,
                    "expression-node": 50,
                    "node-pos": 86,
                    "template-line-number": 259
                },
                {
                    "part": "5",
                    "name": "officer",
                    "replacement-node": 52,
                    "expression-node": 53,
                    "node-pos": 90,
                    "template-line-number": 264
                },
                {
                    "part": "6",
                    "name": "officer",
                    "replacement-node": 55,
                    "expression-node": 56,
                    "node-pos": 94,
                    "template-line-number": 269
                }
            ]
        },
        "rule-12": [
            {
                "part": null,
                "expression-node": 59,
                "template-line-number": 283,
                "replacement-node": 58,
                "node-pos": 100
            }
        ]
    }
}