{
    "substitutions": {
        "rule-13": [
            {
                "part": null,
                "template-line-number": 208,
                "replacement-node": 61,
                "node-pos": 101
            }
        ],
        "rule-12": [
            {
                "part": null,
                "expression-node": 59,
                "replacement-node": 58,
                "template-line-number": 203,
                "node-pos": 97
            }
        ],
        "rule-1": [
            {
                "part": null,
                "template-line-number": 21,
                "replacement-node": 0,
                "node-pos": 9
            }
        ],
        "rule-15": {
            "name": "BSHeadings",
            "subs": [
                {
                    "part": "1",
                    "name": "BSHeadings",
                    "extras": {},
                    "node-pos": 61,
                    "replacement-node": 34,
                    "template-line-number": 115
                },
                {
                    "part": "2",
                    "name": "BSHeadings",
                    "extras": {},
                    "node-pos": 65,
                    "replacement-node": 37,
                    "template-line-number": 122
                }
            ]
        },
        "rule-6": [
            {
                "part": null,
                "template-line-number": 61,
                "replacement-node": 15,
                "node-pos": 31
            }
        ],
        "rule-8": [
            {
                "part": null,
                "template-line-number": 71,
                "replacement-node": 21,
                "node-pos": 39
            }
        ],
        "rule-5": [
            {
                "part": null,
                "template-line-number": 50,
                "replacement-node": 12,
                "html": true,
                "node-pos": 26
            }
        ],
        "rule-14": [
            {
                "part": null,
                "template-line-number": 217,
                "replacement-node": 64,
                "node-pos": 105
            }
        ],
        "rule-11": [
            {
                "part": null,
                "template-line-number": 91,
                "replacement-node": 30,
                "node-pos": 53
            }
        ],
        "rule-3": [
            {
                "part": null,
                "template-line-number": 32,
                "replacement-node": 6,
                "node-pos": 17
            }
        ],
        "rule-9": [
            {
                "part": null,
                "expression-node": 25,
                "replacement-node": 24,
                "template-line-number": 76,
                "node-pos": 43
            }
        ],
        "rule-2": [
            {
                "part": null,
                "expression-node": 4,
                "replacement-node": 3,
                "template-line-number": 26,
                "node-pos": 13
            }
        ],
        "rule-10": [
            {
                "part": null,
                "expression-node": 28,
                "replacement-node": 27,
                "template-line-number": 81,
                "node-pos": 47
            }
        ],
        "rule-16": {
            "name": "BSLineItems",
            "subs": [
                {
                    "part": "1",
                    "name": "BSLineItems",
                    "extras": {},
                    "node-pos": 71,
                    "replacement-node": 41,
                    "template-line-number": 161
                },
                {
                    "part": "2",
                    "name": "BSLineItems",
                    "extras": {},
                    "node-pos": 79,
                    "replacement-node": 46,
                    "template-line-number": 172
                },
                {
                    "part": "3",
                    "name": "BSLineItems",
                    "extras": {},
                    "node-pos": 84,
                    "replacement-node": 50,
                    "template-line-number": 181
                },
                {
                    "part": "4",
                    "name": "BSLineItems",
                    "template-line-number": 186,
                    "node-pos": 87,
                    "expression-node": 53,
                    "replacement-node": 52
                },
                {
                    "part": "5",
                    "name": "BSLineItems",
                    "template-line-number": 192,
                    "node-pos": 91,
                    "expression-node": 56,
                    "replacement-node": 55
                },
                {
                    "part": "6",
                    "name": "BSLineItems",
                    "extras": {},
                    "node-pos": 77,
                    "replacement-node": 44,
                    "template-line-number": 168
                }
            ]
        },
        "rule-4": [
            {
                "part": null,
                "template-line-number": 38,
                "replacement-node": 9,
                "html": true,
                "node-pos": 21
            }
        ],
        "rule-7": [
            {
                "part": null,
                "expression-node": 19,
                "replacement-node": 18,
                "template-line-number": 66,
                "node-pos": 35
            }
        ]
    },
    "line-numbers": {},
    "showifs": {}
}