{
    "line-numbers": {
        "GasPropertyAndCapacityLeasedToOthers": [
            {
                "template-line-number": 193,
                "start-number": 1,
                "line-number-node": 46
            }
        ]
    },
    "showifs": {},
    "substitutions": {
        "rule-17": [
            {
                "template-line-number": 263,
                "replacement-node": 72,
                "node-pos": 126,
                "part": null
            }
        ],
        "rule-2": [
            {
                "template-line-number": 25,
                "replacement-node": 3,
                "expression-node": 4,
                "node-pos": 13,
                "part": null
            }
        ],
        "rule-19": {
            "name": "GasPropertyAndCapacityLeasedToOthers",
            "subs": [
                {
                    "name": "GasPropertyAndCapacityLeasedToOthers",
                    "expression-node": 49,
                    "template-line-number": 196,
                    "part": "2",
                    "node-pos": 87,
                    "replacement-node": 48
                },
                {
                    "name": "GasPropertyAndCapacityLeasedToOthers",
                    "extras": {},
                    "template-line-number": 201,
                    "part": "3",
                    "node-pos": 91,
                    "replacement-node": 51
                },
                {
                    "name": "GasPropertyAndCapacityLeasedToOthers",
                    "expression-node": 55,
                    "template-line-number": 206,
                    "part": "4",
                    "node-pos": 95,
                    "replacement-node": 54
                },
                {
                    "name": "GasPropertyAndCapacityLeasedToOthers",
                    "expression-node": 58,
                    "template-line-number": 211,
                    "part": "5",
                    "node-pos": 99,
                    "replacement-node": 57
                }
            ]
        },
        "rule-18": {
            "name": "GasPlantInServiceHeadings",
            "subs": [
                {
                    "name": "GasPlantInServiceHeadings",
                    "extras": {},
                    "template-line-number": 134,
                    "part": "1",
                    "node-pos": 74,
                    "replacement-node": 39
                },
                {
                    "name": "GasPlantInServiceHeadings",
                    "extras": {},
                    "template-line-number": 143,
                    "part": "2",
                    "node-pos": 78,
                    "replacement-node": 42
                },
                {
                    "name": "GasPlantInServiceHeadings",
                    "extras": {},
                    "template-line-number": 130,
                    "part": "3",
                    "node-pos": 72,
                    "replacement-node": 37
                }
            ]
        },
        "rule-9": [
            {
                "template-line-number": 73,
                "replacement-node": 24,
                "expression-node": 25,
                "node-pos": 43,
                "part": null
            }
        ],
        "rule-3": [
            {
                "template-line-number": 31,
                "replacement-node": 6,
                "node-pos": 17,
                "part": null
            }
        ],
        "rule-4": [
            {
                "template-line-number": 37,
                "replacement-node": 9,
                "html": true,
                "node-pos": 21,
                "part": null
            }
        ],
        "rule-10": [
            {
                "template-line-number": 78,
                "replacement-node": 27,
                "expression-node": 28,
                "node-pos": 47,
                "part": null
            }
        ],
        "rule-7": [
            {
                "template-line-number": 64,
                "replacement-node": 18,
                "expression-node": 19,
                "node-pos": 35,
                "part": null
            }
        ],
        "rule-1": [
            {
                "template-line-number": 21,
                "replacement-node": 0,
                "node-pos": 9,
                "part": null
            }
        ],
        "rule-13": [
            {
                "template-line-number": 221,
                "replacement-node": 60,
                "node-pos": 105,
                "part": null
            }
        ],
        "rule-8": [
            {
                "template-line-number": 69,
                "replacement-node": 21,
                "node-pos": 39,
                "part": null
            }
        ],
        "rule-5": [
            {
                "template-line-number": 49,
                "replacement-node": 12,
                "html": true,
                "node-pos": 26,
                "part": null
            }
        ],
        "rule-14": [
            {
                "template-line-number": 235,
                "replacement-node": 63,
                "expression-node": 64,
                "node-pos": 112,
                "part": null
            }
        ],
        "rule-11": [
            {
                "template-line-number": 88,
                "replacement-node": 30,
                "node-pos": 53,
                "part": null
            }
        ],
        "rule-16": [
            {
                "template-line-number": 254,
                "replacement-node": 69,
                "node-pos": 122,
                "part": null
            }
        ],
        "rule-15": [
            {
                "template-line-number": 249,
                "replacement-node": 66,
                "expression-node": 67,
                "node-pos": 118,
                "part": null
            }
        ],
        "rule-6": [
            {
                "template-line-number": 60,
                "replacement-node": 15,
                "node-pos": 31,
                "part": null
            }
        ],
        "rule-12": [
            {
                "template-line-number": 99,
                "replacement-node": 33,
                "html": true,
                "node-pos": 58,
                "part": null
            }
        ]
    }
}