{
    "substitutions": {
        "rule-1": [
            {
                "replacement-node": 0,
                "part": null,
                "template-line-number": 23,
                "node-pos": 10
            }
        ],
        "rule-30": {
            "subs": [
                {
                    "part": "2",
                    "template-line-number": 332,
                    "name": "Transactions2",
                    "expression-node": 71,
                    "node-pos": 128,
                    "replacement-node": 70
                },
                {
                    "part": "3",
                    "template-line-number": 338,
                    "name": "Transactions2",
                    "expression-node": 74,
                    "node-pos": 132,
                    "replacement-node": 73
                },
                {
                    "part": "4",
                    "template-line-number": 343,
                    "name": "Transactions2",
                    "expression-node": 77,
                    "node-pos": 136,
                    "replacement-node": 76
                },
                {
                    "part": "5",
                    "template-line-number": 349,
                    "name": "Transactions2",
                    "expression-node": 80,
                    "node-pos": 141,
                    "replacement-node": 79
                },
                {
                    "part": "6",
                    "template-line-number": 354,
                    "name": "Transactions2",
                    "expression-node": 83,
                    "node-pos": 145,
                    "replacement-node": 82
                }
            ],
            "name": "Transactions2"
        },
        "rule-16": [
            {
                "replacement-node": 88,
                "part": null,
                "template-line-number": 378,
                "expression-node": 89,
                "node-pos": 157
            }
        ],
        "rule-7": [
            {
                "replacement-node": 18,
                "part": null,
                "template-line-number": 68,
                "expression-node": 19,
                "node-pos": 36
            }
        ],
        "rule-21": [
            {
                "replacement-node": 103,
                "part": null,
                "template-line-number": 432,
                "expression-node": 104,
                "node-pos": 182
            }
        ],
        "rule-25": [
            {
                "replacement-node": 115,
                "part": null,
                "template-line-number": 473,
                "expression-node": 116,
                "node-pos": 201
            }
        ],
        "rule-10": [
            {
                "replacement-node": 27,
                "part": null,
                "template-line-number": 83,
                "expression-node": 28,
                "node-pos": 48
            }
        ],
        "rule-11": [
            {
                "replacement-node": 30,
                "part": null,
                "template-line-number": 93,
                "node-pos": 54
            }
        ],
        "rule-17": [
            {
                "replacement-node": 91,
                "part": null,
                "template-line-number": 387,
                "expression-node": 92,
                "node-pos": 161
            }
        ],
        "rule-4": [
            {
                "replacement-node": 9,
                "part": null,
                "template-line-number": 40,
                "html": true,
                "node-pos": 22
            }
        ],
        "rule-12": [
            {
                "replacement-node": 33,
                "part": null,
                "template-line-number": 104,
                "html": true,
                "node-pos": 59
            }
        ],
        "rule-13": [
            {
                "replacement-node": 61,
                "part": null,
                "template-line-number": 248,
                "node-pos": 107
            }
        ],
        "rule-8": [
            {
                "replacement-node": 21,
                "part": null,
                "template-line-number": 73,
                "node-pos": 40
            }
        ],
        "rule-3": [
            {
                "replacement-node": 6,
                "part": null,
                "template-line-number": 34,
                "node-pos": 18
            }
        ],
        "rule-29": {
            "subs": [
                {
                    "part": "1",
                    "template-line-number": 202,
                    "name": "ServiceCompanyLineItems",
                    "node-pos": 84,
                    "replacement-node": 47,
                    "extras": {}
                },
                {
                    "part": "2",
                    "template-line-number": 207,
                    "name": "ServiceCompanyLineItems",
                    "node-pos": 87,
                    "replacement-node": 49,
                    "extras": {}
                },
                {
                    "part": "3",
                    "template-line-number": 213,
                    "name": "ServiceCompanyLineItems",
                    "expression-node": 52,
                    "node-pos": 90,
                    "replacement-node": 51
                },
                {
                    "part": "4",
                    "template-line-number": 219,
                    "name": "ServiceCompanyLineItems",
                    "expression-node": 54,
                    "node-pos": 93,
                    "replacement-node": 53
                },
                {
                    "part": "5",
                    "template-line-number": 225,
                    "name": "ServiceCompanyLineItems",
                    "expression-node": 56,
                    "node-pos": 96,
                    "replacement-node": 55
                },
                {
                    "part": "6",
                    "template-line-number": 231,
                    "name": "ServiceCompanyLineItems",
                    "expression-node": 58,
                    "node-pos": 99,
                    "replacement-node": 57
                },
                {
                    "part": "7",
                    "template-line-number": 237,
                    "name": "ServiceCompanyLineItems",
                    "expression-node": 60,
                    "node-pos": 102,
                    "replacement-node": 59
                }
            ],
            "name": "ServiceCompanyLineItems"
        },
        "rule-14": [
            {
                "replacement-node": 64,
                "part": null,
                "template-line-number": 260,
                "node-pos": 112
            }
        ],
        "rule-18": [
            {
                "replacement-node": 94,
                "part": null,
                "template-line-number": 397,
                "expression-node": 95,
                "node-pos": 166
            }
        ],
        "rule-15": [
            {
                "replacement-node": 85,
                "part": null,
                "template-line-number": 366,
                "node-pos": 152
            }
        ],
        "rule-9": [
            {
                "replacement-node": 24,
                "part": null,
                "template-line-number": 78,
                "expression-node": 25,
                "node-pos": 44
            }
        ],
        "rule-23": [
            {
                "replacement-node": 109,
                "part": null,
                "template-line-number": 451,
                "expression-node": 110,
                "node-pos": 191
            }
        ],
        "rule-20": [
            {
                "replacement-node": 100,
                "part": null,
                "template-line-number": 420,
                "node-pos": 177
            }
        ],
        "rule-5": [
            {
                "replacement-node": 12,
                "part": null,
                "template-line-number": 52,
                "html": true,
                "node-pos": 27
            }
        ],
        "rule-2": [
            {
                "replacement-node": 3,
                "part": null,
                "template-line-number": 28,
                "expression-node": 4,
                "node-pos": 14
            }
        ],
        "rule-19": [
            {
                "replacement-node": 97,
                "part": null,
                "template-line-number": 406,
                "expression-node": 98,
                "node-pos": 170
            }
        ],
        "rule-22": [
            {
                "replacement-node": 106,
                "part": null,
                "template-line-number": 441,
                "expression-node": 107,
                "node-pos": 186
            }
        ],
        "rule-28": {
            "subs": [
                {
                    "part": "1",
                    "template-line-number": 131,
                    "name": "ScheduleAccumulatedProvisionforDepreciationandAmortizationofServiceCompanyProperty",
                    "node-pos": 70,
                    "replacement-node": 37,
                    "extras": {}
                },
                {
                    "part": "2",
                    "template-line-number": 138,
                    "name": "ScheduleAccumulatedProvisionforDepreciationandAmortizationofServiceCompanyProperty",
                    "node-pos": 74,
                    "replacement-node": 40,
                    "extras": {}
                }
            ],
            "name": "ScheduleAccumulatedProvisionforDepreciationandAmortizationofServiceCompanyProperty"
        },
        "rule-6": [
            {
                "replacement-node": 15,
                "part": null,
                "template-line-number": 63,
                "node-pos": 32
            }
        ],
        "rule-24": [
            {
                "replacement-node": 112,
                "part": null,
                "template-line-number": 460,
                "expression-node": 113,
                "node-pos": 195
            }
        ],
        "rule-26": [
            {
                "replacement-node": 118,
                "part": null,
                "template-line-number": 479,
                "node-pos": 205
            }
        ],
        "rule-27": [
            {
                "replacement-node": 121,
                "part": null,
                "template-line-number": 488,
                "node-pos": 209
            }
        ]
    },
    "line-numbers": {
        "ServiceCompanyLineItems": [
            {
                "template-line-number": 195,
                "start-number": 1,
                "line-number-node": 44
            }
        ],
        "Transactions2": [
            {
                "template-line-number": 327,
                "start-number": 18,
                "line-number-node": 68
            }
        ]
    },
    "showifs": {}
}