{
    "showifs": {},
    "line-numbers": {},
    "substitutions": {
        "rule-2": [
            {
                "expression-node": 4,
                "template-line-number": 26,
                "node-pos": 13,
                "replacement-node": 3,
                "part": null
            }
        ],
        "rule-12": [
            {
                "html": true,
                "template-line-number": 102,
                "node-pos": 58,
                "replacement-node": 33,
                "part": null
            }
        ],
        "rule-10": [
            {
                "expression-node": 28,
                "template-line-number": 81,
                "node-pos": 47,
                "replacement-node": 27,
                "part": null
            }
        ],
        "rule-14": [
            {
                "template-line-number": 653,
                "node-pos": 175,
                "replacement-node": 96,
                "part": null
            }
        ],
        "rule-6": [
            {
                "template-line-number": 61,
                "node-pos": 31,
                "replacement-node": 15,
                "part": null
            }
        ],
        "rule-4": [
            {
                "html": true,
                "template-line-number": 38,
                "node-pos": 21,
                "replacement-node": 9,
                "part": null
            }
        ],
        "rule-16": {
            "name": "ShipperSuppliedHeadings",
            "subs": [
                {
                    "name": "ShipperSuppliedHeadings",
                    "extras": {},
                    "replacement-node": 39,
                    "node-pos": 96,
                    "template-line-number": 160,
                    "part": "1"
                },
                {
                    "name": "ShipperSuppliedHeadings",
                    "extras": {},
                    "replacement-node": 42,
                    "node-pos": 100,
                    "template-line-number": 169,
                    "part": "2"
                },
                {
                    "name": "ShipperSuppliedHeadings",
                    "extras": {},
                    "replacement-node": 37,
                    "node-pos": 94,
                    "template-line-number": 156,
                    "part": "3"
                }
            ]
        },
        "rule-1": [
            {
                "template-line-number": 21,
                "node-pos": 9,
                "replacement-node": 0,
                "part": null
            }
        ],
        "rule-17": {
            "name": "ShipperLineItems",
            "subs": [
                {
                    "name": "ShipperLineItems",
                    "extras": {},
                    "replacement-node": 46,
                    "node-pos": 106,
                    "template-line-number": 534,
                    "part": "1"
                },
                {
                    "name": "ShipperLineItems",
                    "replacement-node": 48,
                    "node-pos": 109,
                    "expression-node": 49,
                    "template-line-number": 540,
                    "part": "1"
                },
                {
                    "name": "ShipperLineItems",
                    "replacement-node": 75,
                    "node-pos": 145,
                    "expression-node": 76,
                    "template-line-number": 597,
                    "part": "10"
                },
                {
                    "name": "ShipperLineItems",
                    "replacement-node": 78,
                    "node-pos": 149,
                    "expression-node": 79,
                    "template-line-number": 603,
                    "part": "11"
                },
                {
                    "name": "ShipperLineItems",
                    "replacement-node": 81,
                    "node-pos": 153,
                    "expression-node": 82,
                    "template-line-number": 609,
                    "part": "12"
                },
                {
                    "name": "ShipperLineItems",
                    "replacement-node": 84,
                    "node-pos": 157,
                    "expression-node": 85,
                    "template-line-number": 616,
                    "part": "13"
                },
                {
                    "name": "ShipperLineItems",
                    "replacement-node": 87,
                    "node-pos": 161,
                    "expression-node": 88,
                    "template-line-number": 622,
                    "part": "14"
                },
                {
                    "name": "ShipperLineItems",
                    "replacement-node": 90,
                    "node-pos": 165,
                    "expression-node": 91,
                    "template-line-number": 628,
                    "part": "15"
                },
                {
                    "name": "ShipperLineItems",
                    "replacement-node": 51,
                    "node-pos": 113,
                    "expression-node": 52,
                    "template-line-number": 547,
                    "part": "2"
                },
                {
                    "name": "ShipperLineItems",
                    "replacement-node": 54,
                    "node-pos": 117,
                    "expression-node": 55,
                    "template-line-number": 553,
                    "part": "3"
                },
                {
                    "name": "ShipperLineItems",
                    "replacement-node": 57,
                    "node-pos": 121,
                    "expression-node": 58,
                    "template-line-number": 559,
                    "part": "4"
                },
                {
                    "name": "ShipperLineItems",
                    "replacement-node": 60,
                    "node-pos": 125,
                    "expression-node": 61,
                    "template-line-number": 565,
                    "part": "5"
                },
                {
                    "name": "ShipperLineItems",
                    "replacement-node": 63,
                    "node-pos": 129,
                    "expression-node": 64,
                    "template-line-number": 573,
                    "part": "6"
                },
                {
                    "name": "ShipperLineItems",
                    "replacement-node": 66,
                    "node-pos": 133,
                    "expression-node": 67,
                    "template-line-number": 579,
                    "part": "7"
                },
                {
                    "name": "ShipperLineItems",
                    "replacement-node": 69,
                    "node-pos": 137,
                    "expression-node": 70,
                    "template-line-number": 585,
                    "part": "8"
                },
                {
                    "name": "ShipperLineItems",
                    "replacement-node": 72,
                    "node-pos": 141,
                    "expression-node": 73,
                    "template-line-number": 591,
                    "part": "9"
                }
            ]
        },
        "rule-11": [
            {
                "template-line-number": 91,
                "node-pos": 53,
                "replacement-node": 30,
                "part": null
            }
        ],
        "rule-5": [
            {
                "html": true,
                "template-line-number": 50,
                "node-pos": 26,
                "replacement-node": 12,
                "part": null
            }
        ],
        "rule-13": [
            {
                "expression-node": 94,
                "template-line-number": 648,
                "node-pos": 171,
                "replacement-node": 93,
                "part": null
            }
        ],
        "rule-15": [
            {
                "template-line-number": 662,
                "node-pos": 179,
                "replacement-node": 99,
                "part": null
            }
        ],
        "rule-7": [
            {
                "expression-node": 19,
                "template-line-number": 66,
                "node-pos": 35,
                "replacement-node": 18,
                "part": null
            }
        ],
        "rule-3": [
            {
                "template-line-number": 32,
                "node-pos": 17,
                "replacement-node": 6,
                "part": null
            }
        ],
        "rule-8": [
            {
                "template-line-number": 71,
                "node-pos": 39,
                "replacement-node": 21,
                "part": null
            }
        ],
        "rule-9": [
            {
                "expression-node": 25,
                "template-line-number": 76,
                "node-pos": 43,
                "replacement-node": 24,
                "part": null
            }
        ]
    }
}