{
    "line-numbers": {
        "CommonStockLineItems": [
            {
                "line-number-node": 44,
                "start-number": 1,
                "template-line-number": 194
            }
        ]
    },
    "showifs": {},
    "substitutions": {
        "rule-15": [
            {
                "replacement-node": 70,
                "node-pos": 115,
                "template-line-number": 267,
                "part": null
            }
        ],
        "rule-11": [
            {
                "replacement-node": 30,
                "node-pos": 54,
                "template-line-number": 89,
                "part": null
            }
        ],
        "rule-14": [
            {
                "replacement-node": 67,
                "node-pos": 111,
                "template-line-number": 257,
                "part": null
            }
        ],
        "rule-1": [
            {
                "replacement-node": 0,
                "node-pos": 10,
                "template-line-number": 22,
                "part": null
            }
        ],
        "rule-4": [
            {
                "replacement-node": 9,
                "node-pos": 22,
                "template-line-number": 38,
                "html": true,
                "part": null
            }
        ],
        "rule-3": [
            {
                "replacement-node": 6,
                "node-pos": 18,
                "template-line-number": 32,
                "part": null
            }
        ],
        "rule-16": {
            "name": "CommonStockLineItems",
            "subs": [
                {
                    "extras": {},
                    "node-pos": 81,
                    "replacement-node": 46,
                    "name": "CommonStockLineItems",
                    "template-line-number": 201,
                    "part": "2"
                },
                {
                    "node-pos": 85,
                    "replacement-node": 49,
                    "name": "CommonStockLineItems",
                    "template-line-number": 209,
                    "expression-node": 50,
                    "part": "3"
                },
                {
                    "node-pos": 89,
                    "replacement-node": 52,
                    "name": "CommonStockLineItems",
                    "template-line-number": 217,
                    "expression-node": 53,
                    "part": "4"
                },
                {
                    "node-pos": 93,
                    "replacement-node": 55,
                    "name": "CommonStockLineItems",
                    "template-line-number": 224,
                    "expression-node": 56,
                    "part": "5"
                },
                {
                    "node-pos": 97,
                    "replacement-node": 58,
                    "name": "CommonStockLineItems",
                    "template-line-number": 231,
                    "expression-node": 59,
                    "part": "6"
                },
                {
                    "node-pos": 101,
                    "replacement-node": 61,
                    "name": "CommonStockLineItems",
                    "template-line-number": 238,
                    "expression-node": 62,
                    "part": "7"
                }
            ]
        },
        "rule-17": {
            "name": "CPHeadings",
            "subs": [
                {
                    "extras": {},
                    "node-pos": 68,
                    "replacement-node": 37,
                    "name": "CPHeadings",
                    "template-line-number": 125,
                    "part": "1"
                },
                {
                    "extras": {},
                    "node-pos": 72,
                    "replacement-node": 40,
                    "name": "CPHeadings",
                    "template-line-number": 132,
                    "part": "2"
                }
            ]
        },
        "rule-6": [
            {
                "replacement-node": 15,
                "node-pos": 32,
                "template-line-number": 61,
                "part": null
            }
        ],
        "rule-8": [
            {
                "replacement-node": 21,
                "node-pos": 40,
                "template-line-number": 70,
                "part": null
            }
        ],
        "rule-7": [
            {
                "replacement-node": 18,
                "node-pos": 36,
                "template-line-number": 65,
                "expression-node": 19,
                "part": null
            }
        ],
        "rule-10": [
            {
                "replacement-node": 27,
                "node-pos": 48,
                "template-line-number": 79,
                "expression-node": 28,
                "part": null
            }
        ],
        "rule-13": [
            {
                "replacement-node": 64,
                "node-pos": 107,
                "template-line-number": 251,
                "expression-node": 65,
                "part": null
            }
        ],
        "rule-12": [
            {
                "replacement-node": 33,
                "node-pos": 59,
                "template-line-number": 100,
                "html": true,
                "part": null
            }
        ],
        "rule-5": [
            {
                "replacement-node": 12,
                "node-pos": 27,
                "template-line-number": 50,
                "html": true,
                "part": null
            }
        ],
        "rule-9": [
            {
                "replacement-node": 24,
                "node-pos": 44,
                "template-line-number": 74,
                "expression-node": 25,
                "part": null
            }
        ],
        "rule-2": [
            {
                "replacement-node": 3,
                "node-pos": 14,
                "template-line-number": 26,
                "expression-node": 4,
                "part": null
            }
        ]
    }
}