{
    "substitutions": {
        "rule-3": [
            {
                "replacement-node": 6,
                "template-line-number": 34,
                "part": null,
                "node-pos": 18
            }
        ],
        "rule-1": [
            {
                "replacement-node": 0,
                "template-line-number": 23,
                "part": null,
                "node-pos": 10
            }
        ],
        "rule-5": [
            {
                "html": true,
                "replacement-node": 12,
                "template-line-number": 52,
                "part": null,
                "node-pos": 27
            }
        ],
        "rule-11": [
            {
                "replacement-node": 30,
                "template-line-number": 93,
                "part": null,
                "node-pos": 54
            }
        ],
        "rule-12": [
            {
                "replacement-node": 60,
                "template-line-number": 212,
                "part": null,
                "node-pos": 100,
                "expression-node": 61
            }
        ],
        "rule-4": [
            {
                "html": true,
                "replacement-node": 9,
                "template-line-number": 40,
                "part": null,
                "node-pos": 22
            }
        ],
        "rule-13": [
            {
                "replacement-node": 63,
                "template-line-number": 218,
                "part": null,
                "node-pos": 104
            }
        ],
        "rule-15": {
            "name": "ColumnHeadings",
            "subs": [
                {
                    "extras": {},
                    "template-line-number": 117,
                    "name": "ColumnHeadings",
                    "node-pos": 62,
                    "replacement-node": 34,
                    "part": "1"
                },
                {
                    "extras": {},
                    "template-line-number": 124,
                    "name": "ColumnHeadings",
                    "node-pos": 66,
                    "replacement-node": 37,
                    "part": "2"
                }
            ]
        },
        "rule-9": [
            {
                "replacement-node": 24,
                "template-line-number": 78,
                "part": null,
                "node-pos": 44,
                "expression-node": 25
            }
        ],
        "rule-16": {
            "name": "ISLineItems",
            "subs": [
                {
                    "extras": {},
                    "template-line-number": 165,
                    "name": "ISLineItems",
                    "node-pos": 72,
                    "replacement-node": 41,
                    "part": "1"
                },
                {
                    "extras": {},
                    "template-line-number": 180,
                    "name": "ISLineItems",
                    "node-pos": 83,
                    "replacement-node": 48,
                    "part": "2"
                },
                {
                    "extras": {},
                    "template-line-number": 170,
                    "name": "ISLineItems",
                    "node-pos": 76,
                    "replacement-node": 44,
                    "part": "3"
                },
                {
                    "template-line-number": 191,
                    "name": "ISLineItems",
                    "node-pos": 88,
                    "replacement-node": 52,
                    "part": "4",
                    "expression-node": 53
                },
                {
                    "template-line-number": 199,
                    "name": "ISLineItems",
                    "node-pos": 93,
                    "replacement-node": 56,
                    "part": "5",
                    "expression-node": 57
                },
                {
                    "extras": {},
                    "template-line-number": 176,
                    "name": "ISLineItems",
                    "node-pos": 81,
                    "replacement-node": 46,
                    "part": "6"
                }
            ]
        },
        "rule-10": [
            {
                "replacement-node": 27,
                "template-line-number": 83,
                "part": null,
                "node-pos": 48,
                "expression-node": 28
            }
        ],
        "rule-6": [
            {
                "replacement-node": 15,
                "template-line-number": 63,
                "part": null,
                "node-pos": 32
            }
        ],
        "rule-2": [
            {
                "replacement-node": 3,
                "template-line-number": 28,
                "part": null,
                "node-pos": 14,
                "expression-node": 4
            }
        ],
        "rule-8": [
            {
                "replacement-node": 21,
                "template-line-number": 73,
                "part": null,
                "node-pos": 40
            }
        ],
        "rule-14": [
            {
                "replacement-node": 66,
                "template-line-number": 227,
                "part": null,
                "node-pos": 108
            }
        ],
        "rule-7": [
            {
                "replacement-node": 18,
                "template-line-number": 68,
                "part": null,
                "node-pos": 36,
                "expression-node": 19
            }
        ]
    },
    "line-numbers": {},
    "showifs": {}
}