{
    "line-numbers": {},
    "substitutions": {
        "rule-15": {
            "subs": [
                {
                    "node-pos": 63,
                    "replacement-node": 35,
                    "name": "UtilityPlantHeadings",
                    "template-line-number": 122,
                    "extras": {},
                    "part": "1"
                },
                {
                    "node-pos": 67,
                    "replacement-node": 38,
                    "name": "UtilityPlantHeadings",
                    "template-line-number": 129,
                    "extras": {},
                    "part": "2"
                }
            ],
            "name": "UtilityPlantHeadings"
        },
        "rule-5": [
            {
                "node-pos": 23,
                "template-line-number": 46,
                "replacement-node": 10,
                "html": true,
                "part": null
            }
        ],
        "rule-6": [
            {
                "node-pos": 28,
                "template-line-number": 58,
                "replacement-node": 13,
                "html": true,
                "part": null
            }
        ],
        "rule-13": [
            {
                "node-pos": 109,
                "template-line-number": 350,
                "replacement-node": 67,
                "part": null
            }
        ],
        "rule-4": [
            {
                "node-pos": 19,
                "template-line-number": 40,
                "replacement-node": 7,
                "part": null
            }
        ],
        "rule-12": [
            {
                "node-pos": 55,
                "template-line-number": 99,
                "replacement-node": 31,
                "part": null
            }
        ],
        "rule-10": [
            {
                "node-pos": 45,
                "template-line-number": 84,
                "replacement-node": 25,
                "expression-node": 26,
                "part": null
            }
        ],
        "rule-9": [
            {
                "node-pos": 41,
                "template-line-number": 79,
                "replacement-node": 22,
                "part": null
            }
        ],
        "rule-7": [
            {
                "node-pos": 33,
                "template-line-number": 69,
                "replacement-node": 16,
                "part": null
            }
        ],
        "rule-2": [
            {
                "node-pos": 11,
                "template-line-number": 29,
                "replacement-node": 1,
                "part": null
            }
        ],
        "rule-8": [
            {
                "node-pos": 37,
                "template-line-number": 74,
                "replacement-node": 19,
                "expression-node": 20,
                "part": null
            }
        ],
        "rule-3": [
            {
                "node-pos": 15,
                "template-line-number": 34,
                "replacement-node": 4,
                "expression-node": 5,
                "part": null
            }
        ],
        "rule-16": {
            "subs": [
                {
                    "node-pos": 73,
                    "replacement-node": 42,
                    "name": "UtilityPlantLineItems",
                    "template-line-number": 276,
                    "extras": {},
                    "part": "1"
                },
                {
                    "node-pos": 81,
                    "replacement-node": 47,
                    "name": "UtilityPlantLineItems",
                    "template-line-number": 288,
                    "extras": {},
                    "part": "2"
                },
                {
                    "node-pos": 87,
                    "replacement-node": 52,
                    "name": "UtilityPlantLineItems",
                    "template-line-number": 298,
                    "expression-node": 53,
                    "part": "2"
                },
                {
                    "node-pos": 91,
                    "replacement-node": 55,
                    "name": "UtilityPlantLineItems",
                    "template-line-number": 306,
                    "expression-node": 56,
                    "part": "3"
                },
                {
                    "node-pos": 95,
                    "replacement-node": 58,
                    "name": "UtilityPlantLineItems",
                    "template-line-number": 314,
                    "expression-node": 59,
                    "part": "4"
                },
                {
                    "node-pos": 99,
                    "replacement-node": 61,
                    "name": "UtilityPlantLineItems",
                    "template-line-number": 322,
                    "expression-node": 62,
                    "part": "5"
                },
                {
                    "node-pos": 79,
                    "replacement-node": 45,
                    "name": "UtilityPlantLineItems",
                    "template-line-number": 284,
                    "extras": {},
                    "part": "6"
                },
                {
                    "node-pos": 103,
                    "replacement-node": 64,
                    "name": "UtilityPlantLineItems",
                    "template-line-number": 330,
                    "expression-node": 65,
                    "part": "6"
                }
            ],
            "name": "UtilityPlantLineItems"
        },
        "rule-11": [
            {
                "node-pos": 49,
                "template-line-number": 89,
                "replacement-node": 28,
                "expression-node": 29,
                "part": null
            }
        ],
        "rule-14": [
            {
                "node-pos": 113,
                "template-line-number": 359,
                "replacement-node": 70,
                "part": null
            }
        ]
    },
    "showifs": {
        "rule-1": {
            "template-line-number": 19,
            "type": "showif"
        }
    }
}