{
    "line-numbers": {},
    "showifs": {},
    "substitutions": {
        "rule-21": [
            {
                "part": null,
                "replacement-node": 111,
                "template-line-number": 741,
                "node-pos": 215
            }
        ],
        "rule-20": [
            {
                "part": null,
                "replacement-node": 108,
                "template-line-number": 732,
                "node-pos": 211
            }
        ],
        "rule-15": [
            {
                "part": null,
                "replacement-node": 97,
                "template-line-number": 684,
                "node-pos": 191
            }
        ],
        "rule-18": [
            {
                "part": null,
                "expression-node": 104,
                "replacement-node": 103,
                "template-line-number": 712,
                "node-pos": 202
            }
        ],
        "rule-5": [
            {
                "part": null,
                "replacement-node": 12,
                "html": true,
                "template-line-number": 50,
                "node-pos": 26
            }
        ],
        "rule-7": [
            {
                "part": null,
                "expression-node": 19,
                "replacement-node": 18,
                "template-line-number": 66,
                "node-pos": 35
            }
        ],
        "rule-4": [
            {
                "part": null,
                "replacement-node": 9,
                "html": true,
                "template-line-number": 38,
                "node-pos": 21
            }
        ],
        "rule-6": [
            {
                "part": null,
                "replacement-node": 15,
                "template-line-number": 61,
                "node-pos": 31
            }
        ],
        "rule-12": [
            {
                "part": null,
                "replacement-node": 33,
                "html": true,
                "template-line-number": 102,
                "node-pos": 58
            }
        ],
        "rule-11": [
            {
                "part": null,
                "replacement-node": 30,
                "template-line-number": 91,
                "node-pos": 53
            }
        ],
        "rule-17": [
            {
                "part": null,
                "replacement-node": 101,
                "template-line-number": 705,
                "node-pos": 199
            }
        ],
        "rule-2": [
            {
                "part": null,
                "expression-node": 4,
                "replacement-node": 3,
                "template-line-number": 26,
                "node-pos": 13
            }
        ],
        "rule-13": [
            {
                "part": null,
                "replacement-node": 93,
                "template-line-number": 664,
                "node-pos": 183
            }
        ],
        "rule-22": {
            "subs": [
                {
                    "part": "1",
                    "replacement-node": 46,
                    "name": "ShipperLineItems",
                    "node-pos": 106,
                    "extras": {},
                    "template-line-number": 534
                },
                {
                    "part": "1",
                    "expression-node": 49,
                    "replacement-node": 48,
                    "name": "ShipperLineItems",
                    "node-pos": 109,
                    "template-line-number": 540
                },
                {
                    "part": "10",
                    "expression-node": 76,
                    "replacement-node": 75,
                    "name": "ShipperLineItems",
                    "node-pos": 145,
                    "template-line-number": 598
                },
                {
                    "part": "11",
                    "expression-node": 79,
                    "replacement-node": 78,
                    "name": "ShipperLineItems",
                    "node-pos": 149,
                    "template-line-number": 604
                },
                {
                    "part": "12",
                    "expression-node": 82,
                    "replacement-node": 81,
                    "name": "ShipperLineItems",
                    "node-pos": 153,
                    "template-line-number": 610
                },
                {
                    "part": "13",
                    "expression-node": 85,
                    "replacement-node": 84,
                    "name": "ShipperLineItems",
                    "node-pos": 157,
                    "template-line-number": 617
                },
                {
                    "part": "14",
                    "expression-node": 88,
                    "replacement-node": 87,
                    "name": "ShipperLineItems",
                    "node-pos": 161,
                    "template-line-number": 623
                },
                {
                    "part": "15",
                    "expression-node": 91,
                    "replacement-node": 90,
                    "name": "ShipperLineItems",
                    "node-pos": 165,
                    "template-line-number": 629
                },
                {
                    "part": "2",
                    "expression-node": 52,
                    "replacement-node": 51,
                    "name": "ShipperLineItems",
                    "node-pos": 113,
                    "template-line-number": 547
                },
                {
                    "part": "3",
                    "expression-node": 55,
                    "replacement-node": 54,
                    "name": "ShipperLineItems",
                    "node-pos": 117,
                    "template-line-number": 553
                },
                {
                    "part": "4",
                    "expression-node": 58,
                    "replacement-node": 57,
                    "name": "ShipperLineItems",
                    "node-pos": 121,
                    "template-line-number": 559
                },
                {
                    "part": "5",
                    "expression-node": 61,
                    "replacement-node": 60,
                    "name": "ShipperLineItems",
                    "node-pos": 125,
                    "template-line-number": 565
                },
                {
                    "part": "6",
                    "expression-node": 64,
                    "replacement-node": 63,
                    "name": "ShipperLineItems",
                    "node-pos": 129,
                    "template-line-number": 574
                },
                {
                    "part": "7",
                    "expression-node": 67,
                    "replacement-node": 66,
                    "name": "ShipperLineItems",
                    "node-pos": 133,
                    "template-line-number": 580
                },
                {
                    "part": "8",
                    "expression-node": 70,
                    "replacement-node": 69,
                    "name": "ShipperLineItems",
                    "node-pos": 137,
                    "template-line-number": 586
                },
                {
                    "part": "9",
                    "expression-node": 73,
                    "replacement-node": 72,
                    "name": "ShipperLineItems",
                    "node-pos": 141,
                    "template-line-number": 592
                }
            ],
            "name": "ShipperLineItems"
        },
        "rule-23": {
            "subs": [
                {
                    "part": "1",
                    "replacement-node": 39,
                    "name": "ShipperSuppliedHeadings",
                    "node-pos": 96,
                    "extras": {},
                    "template-line-number": 160
                },
                {
                    "part": "2",
                    "replacement-node": 42,
                    "name": "ShipperSuppliedHeadings",
                    "node-pos": 100,
                    "extras": {},
                    "template-line-number": 169
                },
                {
                    "part": "3",
                    "replacement-node": 37,
                    "name": "ShipperSuppliedHeadings",
                    "node-pos": 94,
                    "extras": {},
                    "template-line-number": 156
                }
            ],
            "name": "ShipperSuppliedHeadings"
        },
        "rule-19": [
            {
                "part": null,
                "expression-node": 106,
                "replacement-node": 105,
                "template-line-number": 727,
                "node-pos": 207
            }
        ],
        "rule-14": [
            {
                "part": null,
                "expression-node": 96,
                "replacement-node": 95,
                "template-line-number": 671,
                "node-pos": 186
            }
        ],
        "rule-8": [
            {
                "part": null,
                "replacement-node": 21,
                "template-line-number": 71,
                "node-pos": 39
            }
        ],
        "rule-1": [
            {
                "part": null,
                "replacement-node": 0,
                "template-line-number": 21,
                "node-pos": 9
            }
        ],
        "rule-9": [
            {
                "part": null,
                "expression-node": 25,
                "replacement-node": 24,
                "template-line-number": 76,
                "node-pos": 43
            }
        ],
        "rule-3": [
            {
                "part": null,
                "replacement-node": 6,
                "template-line-number": 32,
                "node-pos": 17
            }
        ],
        "rule-10": [
            {
                "part": null,
                "expression-node": 28,
                "replacement-node": 27,
                "template-line-number": 81,
                "node-pos": 47
            }
        ],
        "rule-16": [
            {
                "part": null,
                "expression-node": 100,
                "replacement-node": 99,
                "template-line-number": 691,
                "node-pos": 194
            }
        ]
    }
}