{
    "substitutions": {
        "rule-3": [
            {
                "replacement-node": 6,
                "template-line-number": 33,
                "node-pos": 18,
                "part": null
            }
        ],
        "rule-12": [
            {
                "html": true,
                "replacement-node": 33,
                "template-line-number": 124,
                "node-pos": 59,
                "part": null
            }
        ],
        "rule-10": [
            {
                "replacement-node": 27,
                "template-line-number": 102,
                "expression-node": 28,
                "part": null,
                "node-pos": 48
            }
        ],
        "rule-21": [
            {
                "replacement-node": 85,
                "template-line-number": 390,
                "node-pos": 156,
                "part": null
            }
        ],
        "rule-5": [
            {
                "html": true,
                "replacement-node": 12,
                "template-line-number": 57,
                "node-pos": 27,
                "part": null
            }
        ],
        "rule-13": [
            {
                "replacement-node": 45,
                "template-line-number": 181,
                "node-pos": 84,
                "part": null
            }
        ],
        "rule-22": [
            {
                "replacement-node": 88,
                "template-line-number": 399,
                "node-pos": 160,
                "part": null
            }
        ],
        "rule-11": [
            {
                "replacement-node": 30,
                "template-line-number": 113,
                "node-pos": 54,
                "part": null
            }
        ],
        "rule-8": [
            {
                "replacement-node": 21,
                "template-line-number": 89,
                "node-pos": 40,
                "part": null
            }
        ],
        "rule-24": {
            "subs": [
                {
                    "replacement-node": 58,
                    "template-line-number": 293,
                    "expression-node": 59,
                    "node-pos": 115,
                    "part": "2",
                    "name": "FuelStockExpensesUndistributed"
                },
                {
                    "replacement-node": 61,
                    "template-line-number": 303,
                    "expression-node": 62,
                    "node-pos": 119,
                    "part": "3",
                    "name": "FuelStockExpensesUndistributed"
                },
                {
                    "replacement-node": 64,
                    "template-line-number": 312,
                    "expression-node": 65,
                    "node-pos": 123,
                    "part": "4",
                    "name": "FuelStockExpensesUndistributed"
                },
                {
                    "replacement-node": 67,
                    "template-line-number": 322,
                    "expression-node": 68,
                    "node-pos": 127,
                    "part": "5",
                    "name": "FuelStockExpensesUndistributed"
                }
            ],
            "name": "FuelStockExpensesUndistributed"
        },
        "rule-15": [
            {
                "replacement-node": 51,
                "template-line-number": 216,
                "node-pos": 100,
                "part": null
            }
        ],
        "rule-16": [
            {
                "replacement-node": 70,
                "template-line-number": 335,
                "node-pos": 133,
                "part": null
            }
        ],
        "rule-18": [
            {
                "replacement-node": 76,
                "template-line-number": 359,
                "expression-node": 77,
                "part": null,
                "node-pos": 143
            }
        ],
        "rule-17": [
            {
                "replacement-node": 73,
                "template-line-number": 349,
                "expression-node": 74,
                "part": null,
                "node-pos": 139
            }
        ],
        "rule-4": [
            {
                "html": true,
                "replacement-node": 9,
                "template-line-number": 41,
                "node-pos": 22,
                "part": null
            }
        ],
        "rule-19": [
            {
                "replacement-node": 79,
                "template-line-number": 370,
                "expression-node": 80,
                "part": null,
                "node-pos": 147
            }
        ],
        "rule-7": [
            {
                "replacement-node": 18,
                "template-line-number": 82,
                "expression-node": 19,
                "part": null,
                "node-pos": 36
            }
        ],
        "rule-23": {
            "subs": [
                {
                    "replacement-node": 39,
                    "template-line-number": 162,
                    "node-pos": 74,
                    "extras": {},
                    "part": "1",
                    "name": "ColumnHeadings"
                },
                {
                    "replacement-node": 42,
                    "template-line-number": 170,
                    "node-pos": 78,
                    "extras": {},
                    "part": "2",
                    "name": "ColumnHeadings"
                },
                {
                    "replacement-node": 37,
                    "template-line-number": 158,
                    "node-pos": 72,
                    "extras": {},
                    "part": "3",
                    "name": "ColumnHeadings"
                }
            ],
            "name": "ColumnHeadings"
        },
        "rule-14": [
            {
                "replacement-node": 48,
                "template-line-number": 194,
                "node-pos": 89,
                "part": null
            }
        ],
        "rule-20": [
            {
                "replacement-node": 82,
                "template-line-number": 384,
                "expression-node": 83,
                "part": null,
                "node-pos": 152
            }
        ],
        "rule-2": [
            {
                "replacement-node": 3,
                "template-line-number": 26,
                "expression-node": 4,
                "part": null,
                "node-pos": 14
            }
        ],
        "rule-6": [
            {
                "replacement-node": 15,
                "template-line-number": 75,
                "node-pos": 32,
                "part": null
            }
        ],
        "rule-9": [
            {
                "replacement-node": 24,
                "template-line-number": 96,
                "expression-node": 25,
                "part": null,
                "node-pos": 44
            }
        ],
        "rule-1": [
            {
                "replacement-node": 0,
                "template-line-number": 19,
                "node-pos": 10,
                "part": null
            }
        ]
    },
    "showifs": {},
    "line-numbers": {
        "FuelStockExpensesUndistributed": [
            {
                "template-line-number": 285,
                "start-number": 3,
                "line-number-node": 55
            }
        ]
    }
}