{
    "line-numbers": {},
    "showifs": {},
    "substitutions": {
        "rule-5": [
            {
                "html": true,
                "template-line-number": 52,
                "node-pos": 27,
                "part": null,
                "replacement-node": 12
            }
        ],
        "rule-4": [
            {
                "html": true,
                "template-line-number": 40,
                "node-pos": 22,
                "part": null,
                "replacement-node": 9
            }
        ],
        "rule-13": [
            {
                "template-line-number": 117,
                "node-pos": 66,
                "expression-node": 37,
                "part": null,
                "replacement-node": 36
            }
        ],
        "rule-16": [
            {
                "template-line-number": 146,
                "node-pos": 80,
                "part": null,
                "replacement-node": 45
            }
        ],
        "rule-10": [
            {
                "template-line-number": 83,
                "node-pos": 48,
                "expression-node": 28,
                "part": null,
                "replacement-node": 27
            }
        ],
        "rule-7": [
            {
                "template-line-number": 68,
                "node-pos": 36,
                "expression-node": 19,
                "part": null,
                "replacement-node": 18
            }
        ],
        "rule-12": [
            {
                "html": true,
                "template-line-number": 104,
                "node-pos": 59,
                "part": null,
                "replacement-node": 33
            }
        ],
        "rule-11": [
            {
                "template-line-number": 93,
                "node-pos": 54,
                "part": null,
                "replacement-node": 30
            }
        ],
        "rule-2": [
            {
                "template-line-number": 28,
                "node-pos": 14,
                "expression-node": 4,
                "part": null,
                "replacement-node": 3
            }
        ],
        "rule-8": [
            {
                "template-line-number": 73,
                "node-pos": 40,
                "part": null,
                "replacement-node": 21
            }
        ],
        "rule-9": [
            {
                "template-line-number": 78,
                "node-pos": 44,
                "expression-node": 25,
                "part": null,
                "replacement-node": 24
            }
        ],
        "rule-3": [
            {
                "template-line-number": 34,
                "node-pos": 18,
                "part": null,
                "replacement-node": 6
            }
        ],
        "rule-15": [
            {
                "template-line-number": 137,
                "node-pos": 76,
                "part": null,
                "replacement-node": 42
            }
        ],
        "rule-14": [
            {
                "template-line-number": 131,
                "node-pos": 72,
                "expression-node": 40,
                "part": null,
                "replacement-node": 39
            }
        ],
        "rule-1": [
            {
                "template-line-number": 23,
                "node-pos": 10,
                "part": null,
                "replacement-node": 0
            }
        ],
        "rule-6": [
            {
                "template-line-number": 63,
                "node-pos": 32,
                "part": null,
                "replacement-node": 15
            }
        ]
    }
}