{
    "showifs": {},
    "substitutions": {
        "rule-59": [
            {
                "template-line-number": 669,
                "node-pos": 295,
                "replacement-node": 181,
                "part": null,
                "expression-node": 182
            }
        ],
        "rule-44": [
            {
                "template-line-number": 513,
                "node-pos": 231,
                "replacement-node": 136,
                "part": null,
                "expression-node": 137
            }
        ],
        "rule-62": [
            {
                "template-line-number": 702,
                "node-pos": 309,
                "replacement-node": 190,
                "part": null
            }
        ],
        "rule-3": [
            {
                "template-line-number": 34,
                "node-pos": 19,
                "replacement-node": 6,
                "part": null
            }
        ],
        "rule-1": [
            {
                "template-line-number": 20,
                "node-pos": 10,
                "replacement-node": 0,
                "part": null
            }
        ],
        "rule-65": [
            {
                "template-line-number": 732,
                "node-pos": 321,
                "replacement-node": 199,
                "part": null,
                "expression-node": 200
            }
        ],
        "rule-40": [
            {
                "template-line-number": 470,
                "node-pos": 213,
                "replacement-node": 124,
                "part": null,
                "expression-node": 125
            }
        ],
        "rule-66": [
            {
                "template-line-number": 742,
                "node-pos": 325,
                "replacement-node": 202,
                "part": null,
                "expression-node": 203
            }
        ],
        "rule-31": [
            {
                "template-line-number": 377,
                "node-pos": 175,
                "replacement-node": 97,
                "part": null,
                "expression-node": 98
            }
        ],
        "rule-47": [
            {
                "template-line-number": 543,
                "node-pos": 243,
                "replacement-node": 145,
                "part": null,
                "expression-node": 146
            }
        ],
        "rule-18": [
            {
                "template-line-number": 241,
                "node-pos": 119,
                "replacement-node": 58,
                "part": null,
                "expression-node": 59
            }
        ],
        "rule-64": [
            {
                "template-line-number": 722,
                "node-pos": 317,
                "replacement-node": 196,
                "part": null,
                "expression-node": 197
            }
        ],
        "rule-10": [
            {
                "template-line-number": 104,
                "node-pos": 51,
                "replacement-node": 27,
                "part": null,
                "expression-node": 28
            }
        ],
        "rule-7": [
            {
                "template-line-number": 84,
                "node-pos": 38,
                "replacement-node": 18,
                "part": null,
                "expression-node": 19
            }
        ],
        "rule-29": [
            {
                "template-line-number": 357,
                "node-pos": 167,
                "replacement-node": 91,
                "part": null,
                "expression-node": 92
            }
        ],
        "rule-68": [
            {
                "template-line-number": 763,
                "node-pos": 333,
                "replacement-node": 208,
                "part": null,
                "expression-node": 209
            }
        ],
        "rule-70": [
            {
                "template-line-number": 782,
                "node-pos": 343,
                "replacement-node": 214,
                "part": null
            }
        ],
        "rule-61": [
            {
                "template-line-number": 689,
                "node-pos": 303,
                "replacement-node": 187,
                "part": null,
                "expression-node": 188
            }
        ],
        "rule-5": [
            {
                "template-line-number": 59,
                "html": true,
                "node-pos": 28,
                "replacement-node": 12,
                "part": null
            }
        ],
        "rule-60": [
            {
                "template-line-number": 679,
                "node-pos": 299,
                "replacement-node": 184,
                "part": null,
                "expression-node": 185
            }
        ],
        "rule-43": [
            {
                "template-line-number": 503,
                "node-pos": 227,
                "replacement-node": 133,
                "part": null,
                "expression-node": 134
            }
        ],
        "rule-21": [
            {
                "template-line-number": 274,
                "node-pos": 133,
                "replacement-node": 67,
                "part": null,
                "expression-node": 68
            }
        ],
        "rule-54": [
            {
                "template-line-number": 616,
                "node-pos": 273,
                "replacement-node": 166,
                "part": null,
                "expression-node": 167
            }
        ],
        "rule-58": [
            {
                "template-line-number": 659,
                "node-pos": 291,
                "replacement-node": 178,
                "part": null,
                "expression-node": 179
            }
        ],
        "rule-26": [
            {
                "template-line-number": 324,
                "node-pos": 153,
                "replacement-node": 82,
                "part": null,
                "expression-node": 83
            }
        ],
        "rule-34": [
            {
                "template-line-number": 410,
                "node-pos": 189,
                "replacement-node": 106,
                "part": null
            }
        ],
        "rule-4": [
            {
                "template-line-number": 42,
                "html": true,
                "node-pos": 23,
                "replacement-node": 9,
                "part": null
            }
        ],
        "rule-25": [
            {
                "template-line-number": 314,
                "node-pos": 149,
                "replacement-node": 79,
                "part": null,
                "expression-node": 80
            }
        ],
        "rule-2": [
            {
                "template-line-number": 27,
                "node-pos": 15,
                "replacement-node": 3,
                "part": null,
                "expression-node": 4
            }
        ],
        "rule-53": [
            {
                "template-line-number": 606,
                "node-pos": 269,
                "replacement-node": 163,
                "part": null,
                "expression-node": 164
            }
        ],
        "rule-39": [
            {
                "template-line-number": 460,
                "node-pos": 209,
                "replacement-node": 121,
                "part": null,
                "expression-node": 122
            }
        ],
        "rule-22": [
            {
                "template-line-number": 284,
                "node-pos": 137,
                "replacement-node": 70,
                "part": null,
                "expression-node": 71
            }
        ],
        "rule-63": [
            {
                "template-line-number": 712,
                "node-pos": 313,
                "replacement-node": 193,
                "part": null,
                "expression-node": 194
            }
        ],
        "rule-37": [
            {
                "template-line-number": 440,
                "node-pos": 201,
                "replacement-node": 115,
                "part": null,
                "expression-node": 116
            }
        ],
        "rule-12": [
            {
                "template-line-number": 126,
                "html": true,
                "node-pos": 62,
                "replacement-node": 33,
                "part": null
            }
        ],
        "rule-30": [
            {
                "template-line-number": 367,
                "node-pos": 171,
                "replacement-node": 94,
                "part": null,
                "expression-node": 95
            }
        ],
        "rule-67": [
            {
                "template-line-number": 752,
                "node-pos": 329,
                "replacement-node": 205,
                "part": null,
                "expression-node": 206
            }
        ],
        "rule-71": [
            {
                "template-line-number": 792,
                "node-pos": 347,
                "replacement-node": 217,
                "part": null
            }
        ],
        "rule-13": [
            {
                "template-line-number": 191,
                "node-pos": 99,
                "replacement-node": 43,
                "part": null
            }
        ],
        "rule-50": [
            {
                "template-line-number": 576,
                "node-pos": 257,
                "replacement-node": 154,
                "part": null,
                "expression-node": 155
            }
        ],
        "rule-52": [
            {
                "template-line-number": 596,
                "node-pos": 265,
                "replacement-node": 160,
                "part": null,
                "expression-node": 161
            }
        ],
        "rule-24": [
            {
                "template-line-number": 304,
                "node-pos": 145,
                "replacement-node": 76,
                "part": null,
                "expression-node": 77
            }
        ],
        "rule-35": [
            {
                "template-line-number": 420,
                "node-pos": 193,
                "replacement-node": 109,
                "part": null,
                "expression-node": 110
            }
        ],
        "rule-41": [
            {
                "template-line-number": 483,
                "node-pos": 219,
                "replacement-node": 127,
                "part": null
            }
        ],
        "rule-20": [
            {
                "template-line-number": 264,
                "node-pos": 129,
                "replacement-node": 64,
                "part": null
            }
        ],
        "rule-48": [
            {
                "template-line-number": 556,
                "node-pos": 249,
                "replacement-node": 148,
                "part": null
            }
        ],
        "rule-23": [
            {
                "template-line-number": 294,
                "node-pos": 141,
                "replacement-node": 73,
                "part": null,
                "expression-node": 74
            }
        ],
        "rule-36": [
            {
                "template-line-number": 430,
                "node-pos": 197,
                "replacement-node": 112,
                "part": null,
                "expression-node": 113
            }
        ],
        "rule-33": [
            {
                "template-line-number": 397,
                "node-pos": 183,
                "replacement-node": 103,
                "part": null,
                "expression-node": 104
            }
        ],
        "rule-17": [
            {
                "template-line-number": 231,
                "node-pos": 115,
                "replacement-node": 55,
                "part": null,
                "expression-node": 56
            }
        ],
        "rule-55": [
            {
                "template-line-number": 629,
                "node-pos": 279,
                "replacement-node": 169,
                "part": null
            }
        ],
        "rule-11": [
            {
                "template-line-number": 115,
                "node-pos": 57,
                "replacement-node": 30,
                "part": null
            }
        ],
        "rule-8": [
            {
                "template-line-number": 91,
                "node-pos": 42,
                "replacement-node": 21,
                "part": null
            }
        ],
        "rule-51": [
            {
                "template-line-number": 586,
                "node-pos": 261,
                "replacement-node": 157,
                "part": null,
                "expression-node": 158
            }
        ],
        "rule-19": [
            {
                "template-line-number": 251,
                "node-pos": 123,
                "replacement-node": 61,
                "part": null,
                "expression-node": 62
            }
        ],
        "rule-57": [
            {
                "template-line-number": 649,
                "node-pos": 287,
                "replacement-node": 175,
                "part": null,
                "expression-node": 176
            }
        ],
        "rule-69": [
            {
                "template-line-number": 777,
                "node-pos": 339,
                "replacement-node": 211,
                "part": null,
                "expression-node": 212
            }
        ],
        "rule-9": [
            {
                "template-line-number": 98,
                "node-pos": 47,
                "replacement-node": 24,
                "part": null,
                "expression-node": 25
            }
        ],
        "rule-38": [
            {
                "template-line-number": 450,
                "node-pos": 205,
                "replacement-node": 118,
                "part": null,
                "expression-node": 119
            }
        ],
        "rule-45": [
            {
                "template-line-number": 523,
                "node-pos": 235,
                "replacement-node": 139,
                "part": null,
                "expression-node": 140
            }
        ],
        "rule-16": [
            {
                "template-line-number": 221,
                "node-pos": 111,
                "replacement-node": 52,
                "part": null,
                "expression-node": 53
            }
        ],
        "rule-28": [
            {
                "template-line-number": 347,
                "node-pos": 163,
                "replacement-node": 88,
                "part": null,
                "expression-node": 89
            }
        ],
        "rule-6": [
            {
                "template-line-number": 77,
                "node-pos": 33,
                "replacement-node": 15,
                "part": null
            }
        ],
        "rule-32": [
            {
                "template-line-number": 387,
                "node-pos": 179,
                "replacement-node": 100,
                "part": null,
                "expression-node": 101
            }
        ],
        "rule-42": [
            {
                "template-line-number": 493,
                "node-pos": 223,
                "replacement-node": 130,
                "part": null,
                "expression-node": 131
            }
        ],
        "rule-27": [
            {
                "template-line-number": 337,
                "node-pos": 159,
                "replacement-node": 85,
                "part": null
            }
        ],
        "rule-49": [
            {
                "template-line-number": 566,
                "node-pos": 253,
                "replacement-node": 151,
                "part": null,
                "expression-node": 152
            }
        ],
        "rule-14": [
            {
                "template-line-number": 201,
                "node-pos": 103,
                "replacement-node": 46,
                "part": null,
                "expression-node": 47
            }
        ],
        "rule-46": [
            {
                "template-line-number": 533,
                "node-pos": 239,
                "replacement-node": 142,
                "part": null,
                "expression-node": 143
            }
        ],
        "rule-72": {
            "subs": [
                {
                    "extras": {},
                    "node-pos": 89,
                    "part": "1",
                    "template-line-number": 173,
                    "replacement-node": 37,
                    "name": "ColumnHeadings"
                },
                {
                    "extras": {},
                    "node-pos": 93,
                    "part": "2",
                    "template-line-number": 180,
                    "replacement-node": 40,
                    "name": "ColumnHeadings"
                }
            ],
            "name": "ColumnHeadings"
        },
        "rule-15": [
            {
                "template-line-number": 211,
                "node-pos": 107,
                "replacement-node": 49,
                "part": null,
                "expression-node": 50
            }
        ],
        "rule-56": [
            {
                "template-line-number": 639,
                "node-pos": 283,
                "replacement-node": 172,
                "part": null,
                "expression-node": 173
            }
        ]
    },
    "line-numbers": {}
}