{
    "substitutions": {
        "rule-3": [
            {
                "node-pos": 17,
                "template-line-number": 32,
                "part": null,
                "replacement-node": 6
            }
        ],
        "rule-16": {
            "subs": [
                {
                    "extras": {},
                    "template-line-number": 115,
                    "node-pos": 61,
                    "name": "BSHeadings",
                    "replacement-node": 34,
                    "part": "1"
                },
                {
                    "extras": {},
                    "template-line-number": 122,
                    "node-pos": 65,
                    "name": "BSHeadings",
                    "replacement-node": 37,
                    "part": "2"
                }
            ],
            "name": "BSHeadings"
        },
        "rule-5": [
            {
                "node-pos": 26,
                "template-line-number": 50,
                "part": null,
                "html": true,
                "replacement-node": 12
            }
        ],
        "rule-1": [
            {
                "node-pos": 9,
                "template-line-number": 21,
                "part": null,
                "replacement-node": 0
            }
        ],
        "rule-7": [
            {
                "template-line-number": 66,
                "expression-node": 19,
                "node-pos": 35,
                "part": null,
                "replacement-node": 18
            }
        ],
        "rule-10": [
            {
                "template-line-number": 81,
                "expression-node": 28,
                "node-pos": 47,
                "part": null,
                "replacement-node": 27
            }
        ],
        "rule-4": [
            {
                "node-pos": 21,
                "template-line-number": 38,
                "part": null,
                "html": true,
                "replacement-node": 9
            }
        ],
        "rule-11": [
            {
                "node-pos": 53,
                "template-line-number": 91,
                "part": null,
                "replacement-node": 30
            }
        ],
        "rule-15": {
            "subs": [
                {
                    "extras": {},
                    "template-line-number": 161,
                    "node-pos": 71,
                    "name": "BSLineItems",
                    "replacement-node": 41,
                    "part": "1"
                },
                {
                    "extras": {},
                    "template-line-number": 172,
                    "node-pos": 79,
                    "name": "BSLineItems",
                    "replacement-node": 46,
                    "part": "2"
                },
                {
                    "extras": {},
                    "template-line-number": 181,
                    "node-pos": 84,
                    "name": "BSLineItems",
                    "replacement-node": 50,
                    "part": "3"
                },
                {
                    "node-pos": 87,
                    "template-line-number": 186,
                    "expression-node": 53,
                    "name": "BSLineItems",
                    "replacement-node": 52,
                    "part": "4"
                },
                {
                    "node-pos": 91,
                    "template-line-number": 192,
                    "expression-node": 56,
                    "name": "BSLineItems",
                    "replacement-node": 55,
                    "part": "5"
                },
                {
                    "extras": {},
                    "template-line-number": 168,
                    "node-pos": 77,
                    "name": "BSLineItems",
                    "replacement-node": 44,
                    "part": "6"
                }
            ],
            "name": "BSLineItems"
        },
        "rule-2": [
            {
                "template-line-number": 26,
                "expression-node": 4,
                "node-pos": 13,
                "part": null,
                "replacement-node": 3
            }
        ],
        "rule-12": [
            {
                "template-line-number": 203,
                "expression-node": 59,
                "node-pos": 97,
                "part": null,
                "replacement-node": 58
            }
        ],
        "rule-6": [
            {
                "node-pos": 31,
                "template-line-number": 61,
                "part": null,
                "replacement-node": 15
            }
        ],
        "rule-8": [
            {
                "node-pos": 39,
                "template-line-number": 71,
                "part": null,
                "replacement-node": 21
            }
        ],
        "rule-9": [
            {
                "template-line-number": 76,
                "expression-node": 25,
                "node-pos": 43,
                "part": null,
                "replacement-node": 24
            }
        ],
        "rule-13": [
            {
                "node-pos": 101,
                "template-line-number": 208,
                "part": null,
                "replacement-node": 61
            }
        ],
        "rule-14": [
            {
                "node-pos": 105,
                "template-line-number": 217,
                "part": null,
                "replacement-node": 64
            }
        ]
    },
    "showifs": {},
    "line-numbers": {}
}