{
    "substitutions": {
        "rule-12": [
            {
                "html": true,
                "replacement-node": 31,
                "template-line-number": 100,
                "node-pos": 54,
                "part": null
            }
        ],
        "rule-2": [
            {
                "replacement-node": 1,
                "template-line-number": 31,
                "node-pos": 10,
                "part": null
            }
        ],
        "rule-4": [
            {
                "replacement-node": 7,
                "template-line-number": 42,
                "node-pos": 18,
                "part": null
            }
        ],
        "rule-13": [
            {
                "html": true,
                "replacement-node": 34,
                "template-line-number": 111,
                "node-pos": 59,
                "part": null
            }
        ],
        "rule-17": {
            "name": "ElectricOperatingRevenuesHeadings",
            "subs": [
                {
                    "name": "ElectricOperatingRevenuesHeadings",
                    "extras": {},
                    "template-line-number": 144,
                    "part": "1",
                    "node-pos": 77,
                    "replacement-node": 38
                },
                {
                    "name": "ElectricOperatingRevenuesHeadings",
                    "extras": {},
                    "template-line-number": 151,
                    "part": "2",
                    "node-pos": 81,
                    "replacement-node": 41
                }
            ]
        },
        "rule-11": [
            {
                "replacement-node": 28,
                "expression-node": 29,
                "node-pos": 48,
                "template-line-number": 91,
                "part": null
            }
        ],
        "rule-8": [
            {
                "replacement-node": 19,
                "expression-node": 20,
                "node-pos": 36,
                "template-line-number": 76,
                "part": null
            }
        ],
        "rule-9": [
            {
                "replacement-node": 22,
                "template-line-number": 81,
                "node-pos": 40,
                "part": null
            }
        ],
        "rule-7": [
            {
                "replacement-node": 16,
                "template-line-number": 71,
                "node-pos": 32,
                "part": null
            }
        ],
        "rule-3": [
            {
                "replacement-node": 4,
                "expression-node": 5,
                "node-pos": 14,
                "template-line-number": 36,
                "part": null
            }
        ],
        "rule-10": [
            {
                "replacement-node": 25,
                "expression-node": 26,
                "node-pos": 44,
                "template-line-number": 86,
                "part": null
            }
        ],
        "rule-16": [
            {
                "replacement-node": 75,
                "template-line-number": 399,
                "node-pos": 131,
                "part": null
            }
        ],
        "rule-6": [
            {
                "html": true,
                "replacement-node": 13,
                "template-line-number": 60,
                "node-pos": 27,
                "part": null
            }
        ],
        "rule-18": {
            "name": "ElectricOperatingRevenuesLineItems",
            "subs": [
                {
                    "name": "ElectricOperatingRevenuesLineItems",
                    "extras": {},
                    "template-line-number": 323,
                    "part": "1",
                    "node-pos": 94,
                    "replacement-node": 49
                },
                {
                    "name": "ElectricOperatingRevenuesLineItems",
                    "extras": {},
                    "template-line-number": 309,
                    "part": "2",
                    "node-pos": 87,
                    "replacement-node": 45
                },
                {
                    "name": "ElectricOperatingRevenuesLineItems",
                    "part": "2",
                    "expression-node": 52,
                    "template-line-number": 331,
                    "node-pos": 97,
                    "replacement-node": 51
                },
                {
                    "name": "ElectricOperatingRevenuesLineItems",
                    "part": "3",
                    "expression-node": 55,
                    "template-line-number": 339,
                    "node-pos": 101,
                    "replacement-node": 54
                },
                {
                    "name": "ElectricOperatingRevenuesLineItems",
                    "part": "4",
                    "expression-node": 58,
                    "template-line-number": 347,
                    "node-pos": 105,
                    "replacement-node": 57
                },
                {
                    "name": "ElectricOperatingRevenuesLineItems",
                    "part": "5",
                    "expression-node": 61,
                    "template-line-number": 355,
                    "node-pos": 109,
                    "replacement-node": 60
                },
                {
                    "name": "ElectricOperatingRevenuesLineItems",
                    "extras": {},
                    "template-line-number": 318,
                    "part": "6",
                    "node-pos": 92,
                    "replacement-node": 47
                },
                {
                    "name": "ElectricOperatingRevenuesLineItems",
                    "part": "6",
                    "expression-node": 64,
                    "template-line-number": 363,
                    "node-pos": 113,
                    "replacement-node": 63
                },
                {
                    "name": "ElectricOperatingRevenuesLineItems",
                    "part": "7",
                    "expression-node": 67,
                    "template-line-number": 371,
                    "node-pos": 117,
                    "replacement-node": 66
                }
            ]
        },
        "rule-14": [
            {
                "replacement-node": 69,
                "expression-node": 70,
                "node-pos": 123,
                "template-line-number": 385,
                "part": null
            }
        ],
        "rule-15": [
            {
                "replacement-node": 72,
                "template-line-number": 390,
                "node-pos": 127,
                "part": null
            }
        ],
        "rule-5": [
            {
                "html": true,
                "replacement-node": 10,
                "template-line-number": 48,
                "node-pos": 22,
                "part": null
            }
        ]
    },
    "showifs": {
        "rule-1": {
            "type": "showif",
            "template-line-number": 18
        }
    },
    "line-numbers": {}
}