{
    "substitutions": {
        "rule-7": [
            {
                "node-pos": 42,
                "replacement-node": 21,
                "part": null,
                "template-line-number": 82
            }
        ],
        "rule-49": [
            {
                "node-pos": 252,
                "replacement-node": 150,
                "part": null,
                "template-line-number": 524
            }
        ],
        "rule-19": [
            {
                "node-pos": 102,
                "replacement-node": 60,
                "part": null,
                "template-line-number": 203
            }
        ],
        "rule-50": {
            "name": "RespondentLegalName",
            "subs": [
                {
                    "node-pos": 24,
                    "template-line-number": 51,
                    "name": "RespondentLegalName",
                    "replacement-node": 9,
                    "part": "1",
                    "expression-node": 10
                }
            ]
        },
        "rule-45": [
            {
                "node-pos": 230,
                "replacement-node": 138,
                "part": null,
                "template-line-number": 477
            }
        ],
        "rule-15": [
            {
                "node-pos": 83,
                "replacement-node": 48,
                "part": null,
                "template-line-number": 165
            }
        ],
        "rule-31": [
            {
                "node-pos": 157,
                "replacement-node": 96,
                "expression-node": 97,
                "part": null,
                "template-line-number": 323
            }
        ],
        "rule-22": [
            {
                "node-pos": 116,
                "replacement-node": 69,
                "part": null,
                "template-line-number": 237
            }
        ],
        "rule-21": [
            {
                "node-pos": 111,
                "replacement-node": 66,
                "html": true,
                "part": null,
                "template-line-number": 225
            }
        ],
        "rule-44": [
            {
                "node-pos": 225,
                "replacement-node": 135,
                "expression-node": 136,
                "part": null,
                "template-line-number": 467
            }
        ],
        "rule-23": [
            {
                "node-pos": 121,
                "replacement-node": 72,
                "expression-node": 73,
                "part": null,
                "template-line-number": 245
            }
        ],
        "rule-3": [
            {
                "node-pos": 20,
                "replacement-node": 6,
                "part": null,
                "template-line-number": 43
            }
        ],
        "rule-18": [
            {
                "node-pos": 98,
                "replacement-node": 57,
                "expression-node": 58,
                "part": null,
                "template-line-number": 193
            }
        ],
        "rule-39": [
            {
                "node-pos": 204,
                "replacement-node": 120,
                "part": null,
                "template-line-number": 422
            }
        ],
        "rule-43": [
            {
                "node-pos": 221,
                "replacement-node": 132,
                "part": null,
                "template-line-number": 459
            }
        ],
        "rule-28": [
            {
                "node-pos": 143,
                "replacement-node": 87,
                "part": null,
                "template-line-number": 295
            }
        ],
        "rule-34": [
            {
                "node-pos": 170,
                "replacement-node": 105,
                "part": null,
                "template-line-number": 349
            }
        ],
        "rule-16": [
            {
                "node-pos": 88,
                "replacement-node": 51,
                "expression-node": 52,
                "part": null,
                "template-line-number": 173
            }
        ],
        "rule-1": [
            {
                "node-pos": 9,
                "replacement-node": 0,
                "expression-node": 1,
                "part": null,
                "template-line-number": 23
            }
        ],
        "rule-5": [
            {
                "node-pos": 33,
                "replacement-node": 15,
                "expression-node": 16,
                "part": null,
                "template-line-number": 68
            }
        ],
        "rule-41": [
            {
                "node-pos": 212,
                "replacement-node": 126,
                "part": null,
                "template-line-number": 440
            }
        ],
        "rule-42": [
            {
                "node-pos": 216,
                "replacement-node": 129,
                "expression-node": 130,
                "part": null,
                "template-line-number": 448
            }
        ],
        "rule-27": [
            {
                "node-pos": 138,
                "replacement-node": 84,
                "expression-node": 85,
                "part": null,
                "template-line-number": 283
            }
        ],
        "rule-30": [
            {
                "node-pos": 153,
                "replacement-node": 93,
                "part": null,
                "template-line-number": 315
            }
        ],
        "rule-35": [
            {
                "node-pos": 174,
                "replacement-node": 108,
                "expression-node": 109,
                "part": null,
                "template-line-number": 357
            }
        ],
        "rule-40": [
            {
                "node-pos": 208,
                "replacement-node": 123,
                "expression-node": 124,
                "part": null,
                "template-line-number": 430
            }
        ],
        "rule-24": [
            {
                "node-pos": 126,
                "replacement-node": 75,
                "part": null,
                "template-line-number": 257
            }
        ],
        "rule-14": [
            {
                "node-pos": 78,
                "replacement-node": 45,
                "expression-node": 46,
                "part": null,
                "template-line-number": 153
            }
        ],
        "rule-9": [
            {
                "node-pos": 56,
                "replacement-node": 30,
                "part": null,
                "template-line-number": 107
            }
        ],
        "rule-13": [
            {
                "node-pos": 74,
                "replacement-node": 42,
                "part": null,
                "template-line-number": 145
            }
        ],
        "rule-20": [
            {
                "node-pos": 106,
                "replacement-node": 63,
                "html": true,
                "part": null,
                "template-line-number": 213
            }
        ],
        "rule-26": [
            {
                "node-pos": 134,
                "replacement-node": 81,
                "part": null,
                "template-line-number": 275
            }
        ],
        "rule-10": [
            {
                "node-pos": 61,
                "replacement-node": 33,
                "expression-node": 34,
                "part": null,
                "template-line-number": 115
            }
        ],
        "rule-36": [
            {
                "node-pos": 179,
                "replacement-node": 111,
                "part": null,
                "template-line-number": 368
            }
        ],
        "rule-17": [
            {
                "node-pos": 93,
                "replacement-node": 54,
                "part": null,
                "template-line-number": 185
            }
        ],
        "rule-25": [
            {
                "node-pos": 130,
                "replacement-node": 78,
                "expression-node": 79,
                "part": null,
                "template-line-number": 265
            }
        ],
        "rule-37": [
            {
                "node-pos": 183,
                "replacement-node": 114,
                "expression-node": 115,
                "part": null,
                "template-line-number": 376
            }
        ],
        "rule-33": [
            {
                "node-pos": 166,
                "replacement-node": 102,
                "expression-node": 103,
                "part": null,
                "template-line-number": 340
            }
        ],
        "rule-2": [
            {
                "node-pos": 15,
                "replacement-node": 3,
                "part": null,
                "template-line-number": 32
            }
        ],
        "rule-4": [
            {
                "node-pos": 28,
                "replacement-node": 12,
                "part": null,
                "template-line-number": 60
            }
        ],
        "rule-32": [
            {
                "node-pos": 161,
                "replacement-node": 99,
                "part": null,
                "template-line-number": 332
            }
        ],
        "rule-6": [
            {
                "node-pos": 37,
                "replacement-node": 18,
                "expression-node": 19,
                "part": null,
                "template-line-number": 73
            }
        ],
        "rule-47": [
            {
                "node-pos": 244,
                "replacement-node": 144,
                "expression-node": 145,
                "part": null,
                "template-line-number": 510
            }
        ],
        "rule-46": [
            {
                "node-pos": 234,
                "replacement-node": 141,
                "expression-node": 142,
                "part": null,
                "template-line-number": 485
            }
        ],
        "rule-48": [
            {
                "node-pos": 248,
                "replacement-node": 147,
                "part": null,
                "template-line-number": 515
            }
        ],
        "rule-29": [
            {
                "node-pos": 148,
                "replacement-node": 90,
                "expression-node": 91,
                "part": null,
                "template-line-number": 303
            }
        ],
        "rule-8": [
            {
                "node-pos": 51,
                "replacement-node": 27,
                "expression-node": 28,
                "part": null,
                "template-line-number": 98
            }
        ],
        "rule-38": [
            {
                "node-pos": 192,
                "replacement-node": 117,
                "part": null,
                "template-line-number": 394
            }
        ],
        "rule-11": [
            {
                "node-pos": 66,
                "replacement-node": 36,
                "part": null,
                "template-line-number": 127
            }
        ],
        "rule-12": [
            {
                "node-pos": 70,
                "replacement-node": 39,
                "expression-node": 40,
                "part": null,
                "template-line-number": 135
            }
        ],
        "rule-51": {
            "name": "PreviousName",
            "subs": [
                {
                    "node-pos": 47,
                    "template-line-number": 90,
                    "name": "PreviousName",
                    "replacement-node": 24,
                    "part": "1",
                    "expression-node": 25
                }
            ]
        }
    },
    "line-numbers": {},
    "showifs": {}
}