{
    "substitutions": {
        "rule-8": [
            {
                "node-pos": 41,
                "template-line-number": 71,
                "part": null,
                "replacement-node": 21
            }
        ],
        "rule-12": [
            {
                "html": true,
                "node-pos": 61,
                "template-line-number": 102,
                "part": null,
                "replacement-node": 33
            }
        ],
        "rule-20": {
            "subs": [
                {
                    "template-line-number": 367,
                    "part": "1",
                    "extras": {},
                    "node-pos": 171,
                    "replacement-node": 90,
                    "name": "TaxClassificationLineItems"
                },
                {
                    "expression-node": 93,
                    "template-line-number": 374,
                    "part": "2",
                    "node-pos": 174,
                    "replacement-node": 92,
                    "name": "TaxClassificationLineItems"
                },
                {
                    "expression-node": 96,
                    "template-line-number": 382,
                    "part": "3",
                    "node-pos": 178,
                    "replacement-node": 95,
                    "name": "TaxClassificationLineItems"
                },
                {
                    "expression-node": 99,
                    "template-line-number": 390,
                    "part": "4",
                    "node-pos": 182,
                    "replacement-node": 98,
                    "name": "TaxClassificationLineItems"
                },
                {
                    "expression-node": 102,
                    "template-line-number": 398,
                    "part": "5",
                    "node-pos": 186,
                    "replacement-node": 101,
                    "name": "TaxClassificationLineItems"
                },
                {
                    "expression-node": 105,
                    "template-line-number": 406,
                    "part": "6",
                    "node-pos": 190,
                    "replacement-node": 104,
                    "name": "TaxClassificationLineItems"
                },
                {
                    "expression-node": 111,
                    "template-line-number": 421,
                    "part": "6",
                    "node-pos": 198,
                    "replacement-node": 110,
                    "name": "TaxClassificationLineItems"
                },
                {
                    "expression-node": 117,
                    "template-line-number": 435,
                    "part": "6",
                    "node-pos": 206,
                    "replacement-node": 116,
                    "name": "TaxClassificationLineItems"
                },
                {
                    "expression-node": 120,
                    "template-line-number": 442,
                    "part": "6",
                    "node-pos": 210,
                    "replacement-node": 119,
                    "name": "TaxClassificationLineItems"
                },
                {
                    "expression-node": 108,
                    "template-line-number": 414,
                    "part": "7",
                    "node-pos": 194,
                    "replacement-node": 107,
                    "name": "TaxClassificationLineItems"
                },
                {
                    "expression-node": 114,
                    "template-line-number": 428,
                    "part": "7",
                    "node-pos": 202,
                    "replacement-node": 113,
                    "name": "TaxClassificationLineItems"
                }
            ],
            "name": "TaxClassificationLineItems"
        },
        "rule-10": [
            {
                "expression-node": 28,
                "node-pos": 50,
                "template-line-number": 81,
                "part": null,
                "replacement-node": 27
            }
        ],
        "rule-13": [
            {
                "node-pos": 83,
                "template-line-number": 147,
                "part": null,
                "replacement-node": 43
            }
        ],
        "rule-14": [
            {
                "node-pos": 150,
                "template-line-number": 294,
                "part": null,
                "replacement-node": 83
            }
        ],
        "rule-11": [
            {
                "node-pos": 56,
                "template-line-number": 91,
                "part": null,
                "replacement-node": 30
            }
        ],
        "rule-5": [
            {
                "html": true,
                "node-pos": 27,
                "template-line-number": 50,
                "part": null,
                "replacement-node": 12
            }
        ],
        "rule-2": [
            {
                "expression-node": 4,
                "node-pos": 14,
                "template-line-number": 26,
                "part": null,
                "replacement-node": 3
            }
        ],
        "rule-9": [
            {
                "expression-node": 25,
                "node-pos": 46,
                "template-line-number": 76,
                "part": null,
                "replacement-node": 24
            }
        ],
        "rule-1": [
            {
                "node-pos": 9,
                "template-line-number": 21,
                "part": null,
                "replacement-node": 0
            }
        ],
        "rule-18": {
            "subs": [
                {
                    "template-line-number": 129,
                    "part": "1",
                    "extras": {},
                    "node-pos": 73,
                    "replacement-node": 37,
                    "name": "DeferredIncomeTaxesHeadings"
                },
                {
                    "template-line-number": 136,
                    "part": "2",
                    "extras": {},
                    "node-pos": 77,
                    "replacement-node": 40,
                    "name": "DeferredIncomeTaxesHeadings"
                }
            ],
            "name": "DeferredIncomeTaxesHeadings"
        },
        "rule-16": [
            {
                "node-pos": 220,
                "template-line-number": 458,
                "part": null,
                "replacement-node": 125
            }
        ],
        "rule-6": [
            {
                "node-pos": 32,
                "template-line-number": 61,
                "part": null,
                "replacement-node": 15
            }
        ],
        "rule-19": {
            "subs": [
                {
                    "expression-node": 72,
                    "template-line-number": 264,
                    "part": "10",
                    "node-pos": 132,
                    "replacement-node": 71,
                    "name": "DeferredIncomeTaxesLineItems"
                },
                {
                    "expression-node": 75,
                    "template-line-number": 270,
                    "part": "11",
                    "node-pos": 136,
                    "replacement-node": 74,
                    "name": "DeferredIncomeTaxesLineItems"
                },
                {
                    "expression-node": 78,
                    "template-line-number": 276,
                    "part": "12",
                    "node-pos": 140,
                    "replacement-node": 77,
                    "name": "DeferredIncomeTaxesLineItems"
                },
                {
                    "expression-node": 81,
                    "template-line-number": 282,
                    "part": "13",
                    "node-pos": 144,
                    "replacement-node": 80,
                    "name": "DeferredIncomeTaxesLineItems"
                },
                {
                    "template-line-number": 221,
                    "part": "2",
                    "extras": {},
                    "node-pos": 104,
                    "replacement-node": 50,
                    "name": "DeferredIncomeTaxesLineItems"
                },
                {
                    "template-line-number": 214,
                    "part": "3",
                    "extras": {},
                    "node-pos": 100,
                    "replacement-node": 47,
                    "name": "DeferredIncomeTaxesLineItems"
                },
                {
                    "expression-node": 54,
                    "template-line-number": 228,
                    "part": "4",
                    "node-pos": 108,
                    "replacement-node": 53,
                    "name": "DeferredIncomeTaxesLineItems"
                },
                {
                    "expression-node": 57,
                    "template-line-number": 234,
                    "part": "5",
                    "node-pos": 112,
                    "replacement-node": 56,
                    "name": "DeferredIncomeTaxesLineItems"
                },
                {
                    "expression-node": 60,
                    "template-line-number": 240,
                    "part": "6",
                    "node-pos": 116,
                    "replacement-node": 59,
                    "name": "DeferredIncomeTaxesLineItems"
                },
                {
                    "expression-node": 63,
                    "template-line-number": 246,
                    "part": "7",
                    "node-pos": 120,
                    "replacement-node": 62,
                    "name": "DeferredIncomeTaxesLineItems"
                },
                {
                    "expression-node": 66,
                    "template-line-number": 252,
                    "part": "8",
                    "node-pos": 124,
                    "replacement-node": 65,
                    "name": "DeferredIncomeTaxesLineItems"
                },
                {
                    "expression-node": 69,
                    "template-line-number": 258,
                    "part": "9",
                    "node-pos": 128,
                    "replacement-node": 68,
                    "name": "DeferredIncomeTaxesLineItems"
                }
            ],
            "name": "DeferredIncomeTaxesLineItems"
        },
        "rule-7": [
            {
                "expression-node": 19,
                "node-pos": 37,
                "template-line-number": 66,
                "part": null,
                "replacement-node": 18
            }
        ],
        "rule-4": [
            {
                "html": true,
                "node-pos": 22,
                "template-line-number": 38,
                "part": null,
                "replacement-node": 9
            }
        ],
        "rule-15": [
            {
                "expression-node": 123,
                "node-pos": 216,
                "template-line-number": 453,
                "part": null,
                "replacement-node": 122
            }
        ],
        "rule-17": [
            {
                "node-pos": 224,
                "template-line-number": 467,
                "part": null,
                "replacement-node": 128
            }
        ],
        "rule-3": [
            {
                "node-pos": 18,
                "template-line-number": 32,
                "part": null,
                "replacement-node": 6
            }
        ]
    },
    "showifs": {},
    "line-numbers": {
        "TaxClassificationLineItems": [
            {
                "line-number-node": 87,
                "start-number": 9,
                "template-line-number": 359
            }
        ]
    }
}