{
    "substitutions": {
        "rule-17": {
            "subs": [
                {
                    "expression-node": 48,
                    "name": "OtherSpecialFunds",
                    "replacement-node": 47,
                    "node-pos": 84,
                    "part": "2",
                    "template-line-number": 193
                },
                {
                    "expression-node": 51,
                    "name": "OtherSpecialFunds",
                    "replacement-node": 50,
                    "node-pos": 88,
                    "part": "3",
                    "template-line-number": 201
                }
            ],
            "name": "OtherSpecialFunds"
        },
        "rule-1": [
            {
                "node-pos": 9,
                "part": null,
                "template-line-number": 22,
                "replacement-node": 0
            }
        ],
        "rule-5": [
            {
                "node-pos": 26,
                "part": null,
                "html": true,
                "template-line-number": 51,
                "replacement-node": 12
            }
        ],
        "rule-9": [
            {
                "node-pos": 43,
                "part": null,
                "expression-node": 25,
                "replacement-node": 24,
                "template-line-number": 77
            }
        ],
        "rule-4": [
            {
                "node-pos": 21,
                "part": null,
                "html": true,
                "template-line-number": 39,
                "replacement-node": 9
            }
        ],
        "rule-15": [
            {
                "node-pos": 102,
                "part": null,
                "template-line-number": 229,
                "replacement-node": 59
            }
        ],
        "rule-6": [
            {
                "node-pos": 31,
                "part": null,
                "template-line-number": 62,
                "replacement-node": 15
            }
        ],
        "rule-11": [
            {
                "node-pos": 53,
                "part": null,
                "template-line-number": 92,
                "replacement-node": 30
            }
        ],
        "rule-2": [
            {
                "node-pos": 13,
                "part": null,
                "expression-node": 4,
                "replacement-node": 3,
                "template-line-number": 27
            }
        ],
        "rule-16": {
            "subs": [
                {
                    "extras": {},
                    "name": "ColumnHeadings",
                    "replacement-node": 37,
                    "node-pos": 70,
                    "part": "1",
                    "template-line-number": 130
                },
                {
                    "extras": {},
                    "name": "ColumnHeadings",
                    "replacement-node": 40,
                    "node-pos": 74,
                    "part": "2",
                    "template-line-number": 137
                }
            ],
            "name": "ColumnHeadings"
        },
        "rule-7": [
            {
                "node-pos": 35,
                "part": null,
                "expression-node": 19,
                "replacement-node": 18,
                "template-line-number": 67
            }
        ],
        "rule-10": [
            {
                "node-pos": 47,
                "part": null,
                "expression-node": 28,
                "replacement-node": 27,
                "template-line-number": 82
            }
        ],
        "rule-14": [
            {
                "node-pos": 98,
                "part": null,
                "template-line-number": 220,
                "replacement-node": 56
            }
        ],
        "rule-3": [
            {
                "node-pos": 17,
                "part": null,
                "template-line-number": 33,
                "replacement-node": 6
            }
        ],
        "rule-12": [
            {
                "node-pos": 58,
                "part": null,
                "html": true,
                "template-line-number": 103,
                "replacement-node": 33
            }
        ],
        "rule-8": [
            {
                "node-pos": 39,
                "part": null,
                "template-line-number": 72,
                "replacement-node": 21
            }
        ],
        "rule-13": [
            {
                "node-pos": 94,
                "part": null,
                "expression-node": 54,
                "replacement-node": 53,
                "template-line-number": 214
            }
        ]
    },
    "showifs": {},
    "line-numbers": {
        "OtherSpecialFunds": [
            {
                "start-number": 1,
                "line-number-node": 44,
                "template-line-number": 186
            }
        ]
    }
}