{
    "line-numbers": {
        "TaxClassificationLineItems": [
            {
                "template-line-number": 354,
                "line-number-node": 87,
                "start-number": 9
            }
        ]
    },
    "showifs": {},
    "substitutions": {
        "rule-9": [
            {
                "replacement-node": 24,
                "part": null,
                "expression-node": 25,
                "template-line-number": 76,
                "node-pos": 46
            }
        ],
        "rule-7": [
            {
                "replacement-node": 18,
                "part": null,
                "expression-node": 19,
                "template-line-number": 66,
                "node-pos": 37
            }
        ],
        "rule-10": [
            {
                "replacement-node": 27,
                "part": null,
                "expression-node": 28,
                "template-line-number": 81,
                "node-pos": 50
            }
        ],
        "rule-8": [
            {
                "replacement-node": 21,
                "part": null,
                "template-line-number": 71,
                "node-pos": 41
            }
        ],
        "rule-15": [
            {
                "replacement-node": 122,
                "part": null,
                "expression-node": 123,
                "template-line-number": 447,
                "node-pos": 215
            }
        ],
        "rule-18": {
            "subs": [
                {
                    "template-line-number": 362,
                    "name": "TaxClassificationLineItems",
                    "replacement-node": 90,
                    "part": "1",
                    "extras": {},
                    "node-pos": 170
                },
                {
                    "template-line-number": 369,
                    "expression-node": 93,
                    "name": "TaxClassificationLineItems",
                    "replacement-node": 92,
                    "part": "2",
                    "node-pos": 173
                },
                {
                    "template-line-number": 377,
                    "expression-node": 96,
                    "name": "TaxClassificationLineItems",
                    "replacement-node": 95,
                    "part": "3",
                    "node-pos": 177
                },
                {
                    "template-line-number": 385,
                    "expression-node": 99,
                    "name": "TaxClassificationLineItems",
                    "replacement-node": 98,
                    "part": "4",
                    "node-pos": 181
                },
                {
                    "template-line-number": 393,
                    "expression-node": 102,
                    "name": "TaxClassificationLineItems",
                    "replacement-node": 101,
                    "part": "5",
                    "node-pos": 185
                },
                {
                    "template-line-number": 401,
                    "expression-node": 105,
                    "name": "TaxClassificationLineItems",
                    "replacement-node": 104,
                    "part": "6",
                    "node-pos": 189
                },
                {
                    "template-line-number": 416,
                    "expression-node": 111,
                    "name": "TaxClassificationLineItems",
                    "replacement-node": 110,
                    "part": "6",
                    "node-pos": 197
                },
                {
                    "template-line-number": 430,
                    "expression-node": 117,
                    "name": "TaxClassificationLineItems",
                    "replacement-node": 116,
                    "part": "6",
                    "node-pos": 205
                },
                {
                    "template-line-number": 437,
                    "expression-node": 120,
                    "name": "TaxClassificationLineItems",
                    "replacement-node": 119,
                    "part": "6",
                    "node-pos": 209
                },
                {
                    "template-line-number": 409,
                    "expression-node": 108,
                    "name": "TaxClassificationLineItems",
                    "replacement-node": 107,
                    "part": "7",
                    "node-pos": 193
                },
                {
                    "template-line-number": 423,
                    "expression-node": 114,
                    "name": "TaxClassificationLineItems",
                    "replacement-node": 113,
                    "part": "7",
                    "node-pos": 201
                }
            ],
            "name": "TaxClassificationLineItems"
        },
        "rule-16": [
            {
                "replacement-node": 125,
                "part": null,
                "template-line-number": 452,
                "node-pos": 219
            }
        ],
        "rule-6": [
            {
                "replacement-node": 15,
                "part": null,
                "template-line-number": 61,
                "node-pos": 32
            }
        ],
        "rule-5": [
            {
                "replacement-node": 12,
                "part": null,
                "template-line-number": 50,
                "node-pos": 27,
                "html": true
            }
        ],
        "rule-17": [
            {
                "replacement-node": 128,
                "part": null,
                "template-line-number": 461,
                "node-pos": 223
            }
        ],
        "rule-11": [
            {
                "replacement-node": 30,
                "part": null,
                "template-line-number": 91,
                "node-pos": 56
            }
        ],
        "rule-2": [
            {
                "replacement-node": 3,
                "part": null,
                "expression-node": 4,
                "template-line-number": 26,
                "node-pos": 14
            }
        ],
        "rule-1": [
            {
                "replacement-node": 0,
                "part": null,
                "template-line-number": 21,
                "node-pos": 9
            }
        ],
        "rule-20": {
            "subs": [
                {
                    "template-line-number": 260,
                    "expression-node": 72,
                    "name": "DeferredIncomeTaxesLineItems",
                    "replacement-node": 71,
                    "part": "10",
                    "node-pos": 131
                },
                {
                    "template-line-number": 266,
                    "expression-node": 75,
                    "name": "DeferredIncomeTaxesLineItems",
                    "replacement-node": 74,
                    "part": "11",
                    "node-pos": 135
                },
                {
                    "template-line-number": 272,
                    "expression-node": 78,
                    "name": "DeferredIncomeTaxesLineItems",
                    "replacement-node": 77,
                    "part": "12",
                    "node-pos": 139
                },
                {
                    "template-line-number": 278,
                    "expression-node": 81,
                    "name": "DeferredIncomeTaxesLineItems",
                    "replacement-node": 80,
                    "part": "13",
                    "node-pos": 143
                },
                {
                    "template-line-number": 217,
                    "name": "DeferredIncomeTaxesLineItems",
                    "replacement-node": 50,
                    "part": "2",
                    "extras": {},
                    "node-pos": 103
                },
                {
                    "template-line-number": 210,
                    "name": "DeferredIncomeTaxesLineItems",
                    "replacement-node": 47,
                    "part": "3",
                    "extras": {},
                    "node-pos": 99
                },
                {
                    "template-line-number": 224,
                    "expression-node": 54,
                    "name": "DeferredIncomeTaxesLineItems",
                    "replacement-node": 53,
                    "part": "4",
                    "node-pos": 107
                },
                {
                    "template-line-number": 230,
                    "expression-node": 57,
                    "name": "DeferredIncomeTaxesLineItems",
                    "replacement-node": 56,
                    "part": "5",
                    "node-pos": 111
                },
                {
                    "template-line-number": 236,
                    "expression-node": 60,
                    "name": "DeferredIncomeTaxesLineItems",
                    "replacement-node": 59,
                    "part": "6",
                    "node-pos": 115
                },
                {
                    "template-line-number": 242,
                    "expression-node": 63,
                    "name": "DeferredIncomeTaxesLineItems",
                    "replacement-node": 62,
                    "part": "7",
                    "node-pos": 119
                },
                {
                    "template-line-number": 248,
                    "expression-node": 66,
                    "name": "DeferredIncomeTaxesLineItems",
                    "replacement-node": 65,
                    "part": "8",
                    "node-pos": 123
                },
                {
                    "template-line-number": 254,
                    "expression-node": 69,
                    "name": "DeferredIncomeTaxesLineItems",
                    "replacement-node": 68,
                    "part": "9",
                    "node-pos": 127
                }
            ],
            "name": "DeferredIncomeTaxesLineItems"
        },
        "rule-4": [
            {
                "replacement-node": 9,
                "part": null,
                "template-line-number": 38,
                "node-pos": 22,
                "html": true
            }
        ],
        "rule-3": [
            {
                "replacement-node": 6,
                "part": null,
                "template-line-number": 32,
                "node-pos": 18
            }
        ],
        "rule-13": [
            {
                "replacement-node": 43,
                "part": null,
                "template-line-number": 144,
                "node-pos": 82
            }
        ],
        "rule-12": [
            {
                "replacement-node": 33,
                "part": null,
                "template-line-number": 102,
                "node-pos": 61,
                "html": true
            }
        ],
        "rule-14": [
            {
                "replacement-node": 83,
                "part": null,
                "template-line-number": 289,
                "node-pos": 149
            }
        ],
        "rule-19": {
            "subs": [
                {
                    "template-line-number": 126,
                    "name": "DeferredIncomeTaxesHeadings",
                    "replacement-node": 37,
                    "part": "1",
                    "extras": {},
                    "node-pos": 72
                },
                {
                    "template-line-number": 133,
                    "name": "DeferredIncomeTaxesHeadings",
                    "replacement-node": 40,
                    "part": "2",
                    "extras": {},
                    "node-pos": 76
                }
            ],
            "name": "DeferredIncomeTaxesHeadings"
        }
    }
}