{
    "showifs": {
        "rule-1": {
            "template-line-number": 19,
            "type": "showif"
        }
    },
    "line-numbers": {},
    "substitutions": {
        "rule-14": [
            {
                "node-pos": 96,
                "template-line-number": 199,
                "part": null,
                "replacement-node": 57
            }
        ],
        "rule-15": [
            {
                "node-pos": 100,
                "template-line-number": 209,
                "part": null,
                "replacement-node": 60
            }
        ],
        "rule-3": [
            {
                "template-line-number": 34,
                "node-pos": 15,
                "expression-node": 5,
                "part": null,
                "replacement-node": 4
            }
        ],
        "rule-10": [
            {
                "template-line-number": 84,
                "node-pos": 45,
                "expression-node": 26,
                "part": null,
                "replacement-node": 25
            }
        ],
        "rule-6": [
            {
                "node-pos": 28,
                "template-line-number": 58,
                "part": null,
                "html": true,
                "replacement-node": 13
            }
        ],
        "rule-17": {
            "subs": [
                {
                    "extras": {},
                    "part": "1",
                    "template-line-number": 163,
                    "name": "ElectricOperationsAndMaintenanceExpensesLineItems",
                    "replacement-node": 42,
                    "node-pos": 73
                },
                {
                    "extras": {},
                    "part": "2",
                    "template-line-number": 170,
                    "name": "ElectricOperationsAndMaintenanceExpensesLineItems",
                    "replacement-node": 45,
                    "node-pos": 79
                },
                {
                    "extras": {},
                    "part": "3",
                    "template-line-number": 174,
                    "name": "ElectricOperationsAndMaintenanceExpensesLineItems",
                    "replacement-node": 47,
                    "node-pos": 81
                },
                {
                    "part": "4",
                    "template-line-number": 183,
                    "name": "ElectricOperationsAndMaintenanceExpensesLineItems",
                    "node-pos": 86,
                    "replacement-node": 51,
                    "expression-node": 52
                }
            ],
            "name": "ElectricOperationsAndMaintenanceExpensesLineItems"
        },
        "rule-16": {
            "subs": [
                {
                    "extras": {},
                    "part": "1",
                    "template-line-number": 122,
                    "name": "ElectricOperationsAndMaintenanceExpensesHeadings",
                    "replacement-node": 35,
                    "node-pos": 63
                },
                {
                    "extras": {},
                    "part": "2",
                    "template-line-number": 129,
                    "name": "ElectricOperationsAndMaintenanceExpensesHeadings",
                    "replacement-node": 38,
                    "node-pos": 67
                }
            ],
            "name": "ElectricOperationsAndMaintenanceExpensesHeadings"
        },
        "rule-7": [
            {
                "node-pos": 33,
                "template-line-number": 69,
                "part": null,
                "replacement-node": 16
            }
        ],
        "rule-11": [
            {
                "template-line-number": 89,
                "node-pos": 49,
                "expression-node": 29,
                "part": null,
                "replacement-node": 28
            }
        ],
        "rule-9": [
            {
                "node-pos": 41,
                "template-line-number": 79,
                "part": null,
                "replacement-node": 22
            }
        ],
        "rule-12": [
            {
                "node-pos": 55,
                "template-line-number": 99,
                "part": null,
                "replacement-node": 31
            }
        ],
        "rule-8": [
            {
                "template-line-number": 74,
                "node-pos": 37,
                "expression-node": 20,
                "part": null,
                "replacement-node": 19
            }
        ],
        "rule-4": [
            {
                "node-pos": 19,
                "template-line-number": 40,
                "part": null,
                "replacement-node": 7
            }
        ],
        "rule-2": [
            {
                "node-pos": 11,
                "template-line-number": 29,
                "part": null,
                "replacement-node": 1
            }
        ],
        "rule-5": [
            {
                "node-pos": 23,
                "template-line-number": 46,
                "part": null,
                "html": true,
                "replacement-node": 10
            }
        ],
        "rule-13": [
            {
                "template-line-number": 194,
                "node-pos": 92,
                "expression-node": 55,
                "part": null,
                "replacement-node": 54
            }
        ]
    }
}