{
    "showifs": {
        "rule-1": {
            "template-line-number": 18,
            "type": "showif"
        }
    },
    "substitutions": {
        "rule-18": {
            "subs": [
                {
                    "replacement-node": 45,
                    "extras": {},
                    "part": "1",
                    "name": "RELineItems",
                    "template-line-number": 326,
                    "node-pos": 89
                },
                {
                    "replacement-node": 50,
                    "extras": {},
                    "part": "2",
                    "name": "RELineItems",
                    "template-line-number": 337,
                    "node-pos": 97
                },
                {
                    "replacement-node": 54,
                    "part": "4",
                    "node-pos": 102,
                    "name": "RELineItems",
                    "template-line-number": 347,
                    "expression-node": 55
                },
                {
                    "replacement-node": 58,
                    "part": "4",
                    "node-pos": 107,
                    "name": "RELineItems",
                    "template-line-number": 358,
                    "expression-node": 59
                },
                {
                    "replacement-node": 48,
                    "extras": {},
                    "part": "6",
                    "name": "RELineItems",
                    "template-line-number": 333,
                    "node-pos": 95
                }
            ],
            "name": "RELineItems"
        },
        "rule-17": {
            "subs": [
                {
                    "replacement-node": 38,
                    "extras": {},
                    "part": "1",
                    "name": "REHeadings",
                    "template-line-number": 143,
                    "node-pos": 79
                },
                {
                    "replacement-node": 41,
                    "extras": {},
                    "part": "2",
                    "name": "REHeadings",
                    "template-line-number": 151,
                    "node-pos": 83
                }
            ],
            "name": "REHeadings"
        },
        "rule-4": [
            {
                "part": null,
                "node-pos": 19,
                "replacement-node": 7,
                "template-line-number": 39
            }
        ],
        "rule-3": [
            {
                "template-line-number": 33,
                "part": null,
                "node-pos": 15,
                "replacement-node": 4,
                "expression-node": 5
            }
        ],
        "rule-5": [
            {
                "part": null,
                "node-pos": 23,
                "html": true,
                "replacement-node": 10,
                "template-line-number": 45
            }
        ],
        "rule-12": [
            {
                "part": null,
                "node-pos": 56,
                "replacement-node": 31,
                "template-line-number": 98
            }
        ],
        "rule-13": [
            {
                "part": null,
                "node-pos": 61,
                "html": true,
                "replacement-node": 34,
                "template-line-number": 109
            }
        ],
        "rule-14": [
            {
                "template-line-number": 375,
                "part": null,
                "node-pos": 115,
                "replacement-node": 63,
                "expression-node": 64
            }
        ],
        "rule-2": [
            {
                "part": null,
                "node-pos": 11,
                "replacement-node": 1,
                "template-line-number": 28
            }
        ],
        "rule-10": [
            {
                "template-line-number": 83,
                "part": null,
                "node-pos": 46,
                "replacement-node": 25,
                "expression-node": 26
            }
        ],
        "rule-8": [
            {
                "template-line-number": 73,
                "part": null,
                "node-pos": 37,
                "replacement-node": 19,
                "expression-node": 20
            }
        ],
        "rule-15": [
            {
                "part": null,
                "node-pos": 119,
                "replacement-node": 66,
                "template-line-number": 380
            }
        ],
        "rule-16": [
            {
                "part": null,
                "node-pos": 123,
                "replacement-node": 69,
                "template-line-number": 390
            }
        ],
        "rule-11": [
            {
                "template-line-number": 88,
                "part": null,
                "node-pos": 50,
                "replacement-node": 28,
                "expression-node": 29
            }
        ],
        "rule-6": [
            {
                "part": null,
                "node-pos": 28,
                "html": true,
                "replacement-node": 13,
                "template-line-number": 57
            }
        ],
        "rule-9": [
            {
                "part": null,
                "node-pos": 41,
                "replacement-node": 22,
                "template-line-number": 78
            }
        ],
        "rule-7": [
            {
                "part": null,
                "node-pos": 33,
                "replacement-node": 16,
                "template-line-number": 68
            }
        ]
    },
    "line-numbers": {}
}