{
    "line-numbers": {
        "DividendsPaid1": [
            {
                "start-number": 1,
                "line-number-node": 172,
                "template-line-number": 808
            }
        ]
    },
    "substitutions": {
        "rule-41": [
            {
                "expression-node": 130,
                "replacement-node": 129,
                "node-pos": 249,
                "template-line-number": 559,
                "part": null
            }
        ],
        "rule-27": [
            {
                "replacement-node": 87,
                "node-pos": 167,
                "template-line-number": 363,
                "part": null
            }
        ],
        "rule-13": [
            {
                "replacement-node": 45,
                "node-pos": 84,
                "template-line-number": 162,
                "part": null
            }
        ],
        "rule-50": [
            {
                "replacement-node": 156,
                "node-pos": 304,
                "template-line-number": 684,
                "part": null
            }
        ],
        "rule-10": [
            {
                "expression-node": 28,
                "replacement-node": 27,
                "node-pos": 48,
                "template-line-number": 83,
                "part": null
            }
        ],
        "rule-2": [
            {
                "expression-node": 4,
                "replacement-node": 3,
                "node-pos": 14,
                "template-line-number": 28,
                "part": null
            }
        ],
        "rule-29": [
            {
                "replacement-node": 93,
                "node-pos": 180,
                "template-line-number": 394,
                "part": null
            }
        ],
        "rule-16": [
            {
                "expression-node": 55,
                "replacement-node": 54,
                "node-pos": 99,
                "template-line-number": 202,
                "part": null
            }
        ],
        "rule-32": [
            {
                "expression-node": 103,
                "replacement-node": 102,
                "node-pos": 198,
                "template-line-number": 439,
                "part": null
            }
        ],
        "rule-8": [
            {
                "replacement-node": 21,
                "node-pos": 40,
                "template-line-number": 73,
                "part": null
            }
        ],
        "rule-25": [
            {
                "replacement-node": 81,
                "node-pos": 154,
                "template-line-number": 332,
                "part": null
            }
        ],
        "rule-33": [
            {
                "replacement-node": 105,
                "node-pos": 204,
                "template-line-number": 453,
                "part": null
            }
        ],
        "rule-46": [
            {
                "replacement-node": 144,
                "node-pos": 278,
                "template-line-number": 626,
                "part": null
            }
        ],
        "rule-15": [
            {
                "replacement-node": 51,
                "node-pos": 94,
                "template-line-number": 188,
                "part": null
            }
        ],
        "rule-26": [
            {
                "expression-node": 85,
                "replacement-node": 84,
                "node-pos": 159,
                "template-line-number": 346,
                "part": null
            }
        ],
        "rule-36": [
            {
                "replacement-node": 114,
                "node-pos": 221,
                "template-line-number": 493,
                "part": null
            }
        ],
        "rule-19": [
            {
                "replacement-node": 63,
                "node-pos": 120,
                "template-line-number": 249,
                "part": null
            }
        ],
        "rule-4": [
            {
                "html": true,
                "replacement-node": 9,
                "node-pos": 22,
                "template-line-number": 40,
                "part": null
            }
        ],
        "rule-47": [
            {
                "expression-node": 148,
                "replacement-node": 147,
                "node-pos": 283,
                "template-line-number": 639,
                "part": null
            }
        ],
        "rule-18": [
            {
                "expression-node": 61,
                "replacement-node": 60,
                "node-pos": 112,
                "template-line-number": 233,
                "part": null
            }
        ],
        "rule-9": [
            {
                "expression-node": 25,
                "replacement-node": 24,
                "node-pos": 44,
                "template-line-number": 78,
                "part": null
            }
        ],
        "rule-49": [
            {
                "expression-node": 154,
                "replacement-node": 153,
                "node-pos": 296,
                "template-line-number": 668,
                "part": null
            }
        ],
        "rule-22": [
            {
                "expression-node": 73,
                "replacement-node": 72,
                "node-pos": 138,
                "template-line-number": 293,
                "part": null
            }
        ],
        "rule-28": [
            {
                "expression-node": 91,
                "replacement-node": 90,
                "node-pos": 172,
                "template-line-number": 377,
                "part": null
            }
        ],
        "rule-55": {
            "subs": [
                {
                    "template-line-number": 814,
                    "node-pos": 338,
                    "expression-node": 175,
                    "name": "DividendsPaid1",
                    "part": "2",
                    "replacement-node": 174
                },
                {
                    "template-line-number": 823,
                    "node-pos": 342,
                    "expression-node": 178,
                    "name": "DividendsPaid1",
                    "part": "3",
                    "replacement-node": 177
                },
                {
                    "template-line-number": 832,
                    "node-pos": 346,
                    "expression-node": 181,
                    "name": "DividendsPaid1",
                    "part": "4",
                    "replacement-node": 180
                },
                {
                    "template-line-number": 841,
                    "node-pos": 350,
                    "expression-node": 184,
                    "name": "DividendsPaid1",
                    "part": "5",
                    "replacement-node": 183
                },
                {
                    "template-line-number": 850,
                    "node-pos": 354,
                    "expression-node": 187,
                    "name": "DividendsPaid1",
                    "part": "6",
                    "replacement-node": 186
                }
            ],
            "name": "DividendsPaid1"
        },
        "rule-6": [
            {
                "replacement-node": 15,
                "node-pos": 32,
                "template-line-number": 63,
                "part": null
            }
        ],
        "rule-57": {
            "subs": [
                {
                    "template-line-number": 739,
                    "node-pos": 325,
                    "name": "ColumnHeadings2",
                    "part": "1",
                    "extras": {},
                    "replacement-node": 165
                },
                {
                    "template-line-number": 747,
                    "node-pos": 329,
                    "name": "ColumnHeadings2",
                    "part": "2",
                    "extras": {},
                    "replacement-node": 168
                },
                {
                    "template-line-number": 735,
                    "node-pos": 323,
                    "name": "ColumnHeadings2",
                    "part": "3",
                    "extras": {},
                    "replacement-node": 163
                }
            ],
            "name": "ColumnHeadings2"
        },
        "rule-54": [
            {
                "replacement-node": 195,
                "node-pos": 368,
                "template-line-number": 881,
                "part": null
            }
        ],
        "rule-37": [
            {
                "replacement-node": 117,
                "node-pos": 226,
                "template-line-number": 505,
                "part": null
            }
        ],
        "rule-30": [
            {
                "expression-node": 97,
                "replacement-node": 96,
                "node-pos": 185,
                "template-line-number": 408,
                "part": null
            }
        ],
        "rule-21": [
            {
                "replacement-node": 69,
                "node-pos": 133,
                "template-line-number": 279,
                "part": null
            }
        ],
        "rule-39": [
            {
                "replacement-node": 123,
                "node-pos": 238,
                "template-line-number": 533,
                "part": null
            }
        ],
        "rule-34": [
            {
                "replacement-node": 108,
                "node-pos": 209,
                "template-line-number": 465,
                "part": null
            }
        ],
        "rule-14": [
            {
                "replacement-node": 48,
                "node-pos": 89,
                "template-line-number": 175,
                "part": null
            }
        ],
        "rule-45": [
            {
                "expression-node": 142,
                "replacement-node": 141,
                "node-pos": 270,
                "template-line-number": 610,
                "part": null
            }
        ],
        "rule-42": [
            {
                "replacement-node": 132,
                "node-pos": 255,
                "template-line-number": 573,
                "part": null
            }
        ],
        "rule-23": [
            {
                "replacement-node": 75,
                "node-pos": 144,
                "template-line-number": 307,
                "part": null
            }
        ],
        "rule-11": [
            {
                "replacement-node": 30,
                "node-pos": 54,
                "template-line-number": 93,
                "part": null
            }
        ],
        "rule-35": [
            {
                "expression-node": 112,
                "replacement-node": 111,
                "node-pos": 215,
                "template-line-number": 479,
                "part": null
            }
        ],
        "rule-12": [
            {
                "html": true,
                "replacement-node": 33,
                "node-pos": 59,
                "template-line-number": 104,
                "part": null
            }
        ],
        "rule-48": [
            {
                "replacement-node": 150,
                "node-pos": 291,
                "template-line-number": 655,
                "part": null
            }
        ],
        "rule-38": [
            {
                "expression-node": 121,
                "replacement-node": 120,
                "node-pos": 232,
                "template-line-number": 519,
                "part": null
            }
        ],
        "rule-52": [
            {
                "expression-node": 190,
                "replacement-node": 189,
                "node-pos": 360,
                "template-line-number": 866,
                "part": null
            }
        ],
        "rule-56": {
            "subs": [
                {
                    "template-line-number": 142,
                    "node-pos": 74,
                    "name": "ColumnHeading",
                    "part": "1",
                    "extras": {},
                    "replacement-node": 39
                },
                {
                    "template-line-number": 151,
                    "node-pos": 78,
                    "name": "ColumnHeading",
                    "part": "2",
                    "extras": {},
                    "replacement-node": 42
                },
                {
                    "template-line-number": 138,
                    "node-pos": 72,
                    "name": "ColumnHeading",
                    "part": "3",
                    "extras": {},
                    "replacement-node": 37
                }
            ],
            "name": "ColumnHeading"
        },
        "rule-51": [
            {
                "expression-node": 160,
                "replacement-node": 159,
                "node-pos": 309,
                "template-line-number": 697,
                "part": null
            }
        ],
        "rule-43": [
            {
                "replacement-node": 135,
                "node-pos": 260,
                "template-line-number": 585,
                "part": null
            }
        ],
        "rule-7": [
            {
                "expression-node": 19,
                "replacement-node": 18,
                "node-pos": 36,
                "template-line-number": 68,
                "part": null
            }
        ],
        "rule-5": [
            {
                "html": true,
                "replacement-node": 12,
                "node-pos": 27,
                "template-line-number": 52,
                "part": null
            }
        ],
        "rule-20": [
            {
                "expression-node": 67,
                "replacement-node": 66,
                "node-pos": 125,
                "template-line-number": 263,
                "part": null
            }
        ],
        "rule-17": [
            {
                "replacement-node": 57,
                "node-pos": 107,
                "template-line-number": 219,
                "part": null
            }
        ],
        "rule-3": [
            {
                "replacement-node": 6,
                "node-pos": 18,
                "template-line-number": 34,
                "part": null
            }
        ],
        "rule-31": [
            {
                "replacement-node": 99,
                "node-pos": 193,
                "template-line-number": 425,
                "part": null
            }
        ],
        "rule-40": [
            {
                "replacement-node": 126,
                "node-pos": 243,
                "template-line-number": 545,
                "part": null
            }
        ],
        "rule-24": [
            {
                "replacement-node": 78,
                "node-pos": 149,
                "template-line-number": 319,
                "part": null
            }
        ],
        "rule-53": [
            {
                "replacement-node": 192,
                "node-pos": 364,
                "template-line-number": 872,
                "part": null
            }
        ],
        "rule-1": [
            {
                "replacement-node": 0,
                "node-pos": 10,
                "template-line-number": 23,
                "part": null
            }
        ],
        "rule-44": [
            {
                "replacement-node": 138,
                "node-pos": 265,
                "template-line-number": 597,
                "part": null
            }
        ]
    },
    "showifs": {}
}